Description,Rating,ReviewCount,Url
"Deco Gear 35"" Curved Ultrawide E-LED Gaming Monitor, 21:9 Aspect Ratio, Immersive 3440x1440 Resolution, 100Hz Refresh Rate, 3000:1, Includes PC Microphone for Streaming, RGB Lighting, USB Plug-n-Play",,,https://www.amazon.com/Deco-Gear-Curved-Ultrawide-Monitor/dp/B094YTHWX4/ref=sr_1_1?dchild=1&keywords=ultrawide+monitor&qid=1621432870&sr=8-1
"Deco Gear 35"" Curved Ultrawide LED Gaming Monitor 21:9 Aspect Ratio, Crisp 2560 x 1080 Resolution, 16.7 Million Colors, 75 HZ Refresh Rate, 2000:1 Contrast Ratio, with PC USB Streaming Microphone",,,https://www.amazon.com/Deco-Gear-Curved-Ultrawide-Monitor/dp/B094YR97MG/ref=sr_1_2?dchild=1&keywords=ultrawide+monitor&qid=1621432870&sr=8-2
"EVICIV 4K Portable Monitor 15.6’’ for Laptop, 100% sRGB Gaming Second Monitor with VESA, Mini HDMI Dual Type C for PC Phone MacBook Pro PS4 Xbox Switch, Computer External Display UHD 3840 x 2160",4.3,42,https://www.amazon.com/EVICIV-Portable-Monitor-Computer-External/dp/B091DS1FN6/ref=sr_1_3?dchild=1&keywords=ultrawide+monitor&qid=1621432870&sr=8-3
"Deco Gear 49"" Curved Ultrawide E-LED Gaming Monitor, 32:9 Aspect Ratio, Immersive 3840x1080 Resolution, 144Hz, 3000:1 with Deco Gear Mechanical Gaming Keyboard with Cherry MX Red Switches, 104 Keys",,,https://www.amazon.com/Deco-Gear-Curved-Ultrawide-Monitor/dp/B093QRVCWL/ref=sr_1_4?dchild=1&keywords=ultrawide+monitor&qid=1621432870&sr=8-4
"Deco Gear 34"" 3440x1440 21:9 Ultrawide Curved Monitor, 144Hz, HDR10, 4000:1 Contrast Ratio, 6ms Response Time, 99% sRGB, 16.7 Million Colors, Adaptive Sync, Blue Light Reduction",,,https://www.amazon.com/Deco-Gear-3440x1440-Ultrawide-Reduction/dp/B0921YZC94/ref=sr_1_5?dchild=1&keywords=ultrawide+monitor&qid=1621432870&sr=8-5
"Samsung Business S65UA Series 34 Inch Curved WQHD 3440x1440 Computer Monitor, HDR10, 100 Hz, USB-C, DP Daisy Chain, HDMI 2.0, USB 3.0 Hub (S34A654UXN)",,,https://www.amazon.com/Samsung-Business-3440x1440-Computer-S34A654UXN/dp/B08YGTHBCC/ref=sr_1_6?dchild=1&keywords=ultrawide+monitor&qid=1621432870&sr=8-6
LG 34WL600-B 34 inch UltraWide IPS FreeSync LED Monitor 2560 x 1080 21:9 Bundle with 1 Year Extended Protection Plan and Elite Suite 18 Standard Editing Software Bundle,,,https://www.amazon.com/LG-34WL600-B-UltraWide-FreeSync-Monitor/dp/B08R7Q928W/ref=sr_1_7?dchild=1&keywords=ultrawide+monitor&qid=1621432870&sr=8-7
"Deco Gear 35"" Curved Ultrawide E-LED Gaming Monitor, 3440x1440 Resolution, 100Hz, 21:9 Aspect Ratio with Mechanical Keyboard, Cherry MX Red Switches, Ergonomic Wrist Pad, 104 Keys, Custom LED Lighting",,,https://www.amazon.com/Deco-Gear-Ultrawide-3440x1440-Resolution/dp/B0938KML1C/ref=sr_1_8?dchild=1&keywords=ultrawide+monitor&qid=1621432870&sr=8-8
"Acer CB292CU bmiipruzx 29"" UltraWide FHD (2560 x 1080) IPS Zero Frame Monitor | AMD FreeSync Technology | 99% sRGB | 1ms VRB | ErgoStand | 1 x Display Port, 2 x HDMI 2.0, 1 x USB Type-C & USB Ports",,,https://www.amazon.com/Acer-CB292CU-bmiipruzx-UltraWide-Technology/dp/B091G24LBG/ref=sr_1_9?dchild=1&keywords=ultrawide+monitor&qid=1621432870&sr=8-9
"Lenovo G32qc-10 31.5"" WQHD Curved Screen WLED Gaming LCD Monitor - 16:9 - Black - 32"" Class - Vertical Alignment (VA) - 2560 x 1440-16.7 Million Colors - FreeSync - 350 Nit - 4 ms Extreme (Renewed)",,,https://www.amazon.com/Lenovo-G32qc-10-Curved-Screen-Monitor/dp/B08ZJRSLDR/ref=sr_1_10?dchild=1&keywords=ultrawide+monitor&qid=1621432870&sr=8-10
ViewSonic VG3456 34 Inch 21:9 UltraWide WQHD 1440p Monitor with Ergonomics Design USB Type C Docking Built-in Gigabit Ethernet for Home and Office,,,https://www.amazon.com/ViewSonic-VG3456-Inch-Ergonomics-Built/dp/B0912L63P2/ref=sr_1_11?dchild=1&keywords=ultrawide+monitor&qid=1621432870&sr=8-11
"Philips 288E2E 28"" Frameless Monitor, 4K UHD 3840x2160 IPS, 120% sRGB, FreeSync, Speakers, Height Adjustable, VESA, 4Yr Advance Replacement",4.5,2,https://www.amazon.com/Philips-288E2E-Frameless-Adjustable-Replacement/dp/B08TF58RR4/ref=sr_1_13?dchild=1&keywords=ultrawide+monitor&qid=1621432870&sr=8-13
"Samsung 32 inch S70A 4K UHD (3840x2160) High Resolution Monitor (HDMI & Display Port), HDR10, TUV Certified Intelligent Eye Care (LS32A700NWNXZA)",4.3,9,https://www.amazon.com/3840x2160-Resolution-Certified-Intelligent-LS32A700NWNXZA/dp/B08V6MNW9P/ref=sr_1_14?dchild=1&keywords=ultrawide+monitor&qid=1621432870&sr=8-14
"CRUA 24"" Curved 75Hz Gaming Monitor,Full HD 1080P LED Backlight Monitor,Eye-Care with HDR, VGA+HDMI(VESA)",4.2,35,https://www.amazon.com/CRUA-Curved-Monitor-Backlight-Eye-Care/dp/B08T69SD84/ref=sr_1_15?dchild=1&keywords=ultrawide+monitor&qid=1621432870&sr=8-15
"SAMSUNG 27-Inch T70 WQHD Monitor with IPS Panel (LF27T700QQNXZA, 2020), Black",4.2,8,https://www.amazon.com/SAMSUNG-27-Inch-Monitor-Panel-LF27T700QQNXZA/dp/B08NFG4FNB/ref=sr_1_16?dchild=1&keywords=ultrawide+monitor&qid=1621432870&sr=8-16
"Deco Gear 35"" Curved Ultrawide LED Gaming Monitor 21:9 Aspect Ratio, Crisp 2560 x 1080 Resolution, 16.7 Million Colors, 75 HZ Refresh Rate, 2000:1 Contrast Ratio, (HDMI, DVI, and DP Connections)",4.7,324,https://www.amazon.com/gp/slredirect/picassoRedirect.html/ref=pa_sp_btf_aps_sr_pg1_1?ie=UTF8&adId=A08509659VO79UAH3ZGM&url=%2FDeco-Gear-Curved-Ultrawide-Monitor%2Fdp%2FB07NPT78C6%2Fref%3Dsr_1_17_sspa%3Fdchild%3D1%26keywords%3Dultrawide%2Bmonitor%26qid%3D1621432870%26sr%3D8-17-spons%26psc%3D1&qualifier=1621432870&id=4725586211540721&widgetName=sp_btf
"Dual Monitor Mount Dual LCD Monitor Desk Stand Fits Two Screens up to23,24, 27"", Full Motion, Tilt, Swivel, Rotation, 18 lbs Capacity Free Standing",4.2,57,https://www.amazon.com/gp/slredirect/picassoRedirect.html/ref=pa_sp_btf_aps_sr_pg1_1?ie=UTF8&adId=A068117429EYPYNCXXYWB&url=%2FMonitor-Screens-Rotation-Capacity-Standing%2Fdp%2FB071W3NBBJ%2Fref%3Dsr_1_18_sspa%3Fdchild%3D1%26keywords%3Dultrawide%2Bmonitor%26qid%3D1621432870%26sr%3D8-18-spons%26psc%3D1&qualifier=1621432870&id=4725586211540721&widgetName=sp_btf
"Acer Predator X34 GSbmiipphuzx 1900R Curved 34"" UltraWide QHD 3440 x 1440 Gaming Monitor | NVIDIA G-SYNC | Agile Splendor IPS | Up to 180Hz | DCI-P3 98% | DisplayHDR 400 | 2 x DP, 2 x HDMI, USB Type-C",4.8,5,https://www.amazon.com/Acer-X34-GSbmiipphuzx-UltraWide-DisplayHDR/dp/B08PPPMZDX/ref=sr_1_17?dchild=1&keywords=ultrawide+monitor&qid=1621432873&sr=8-17
"ASUS TUF Gaming VG34VQL1B 34” Curved HDR Monitor, WQHD (3440x1440), 165Hz, 1ms, Extreme Low Motion Blur, FreeSync Premium, Eye Care, DisplayPort HDMI USB, Height Adjustable, DisplayHDR 400, Black",4.5,210,https://www.amazon.com/ASUS-VG34VQL1B-DisplayPort-Adjustable-DisplayHDR/dp/B08LCMYT54/ref=sr_1_18?dchild=1&keywords=ultrawide+monitor&qid=1621432873&sr=8-18
"LG 29WP60G-B 29 Inch 21:9 UltraWide Full HD (2560 x 1080) IPS Monitor with sRGB 99% Color Gamut and HDR 10, USB Type-C Connectivity and 3-Side Virtually Borderless Display, Black",4.6,1.013,https://www.amazon.com/LG-29WP60G-B-Inch-Connectivity-Borderless/dp/B08V86LGBS/ref=sr_1_20?dchild=1&keywords=ultrawide+monitor&qid=1621432873&sr=8-20
"SAMSUNG 34-Inch Odyssey G5 Ultra-Wide Gaming Monitor with 1000R Curved Screen, 165Hz, 1ms, FreeSync Premium, WQHD (LC34G55TWWNXZA, 2020 Model), Black",4.5,2.96,https://www.amazon.com/SAMSUNG-34-Inch-Ultra-Wide-FreeSync-LC34G55TWWNXZA/dp/B08MVBYWGQ/ref=sr_1_21?dchild=1&keywords=ultrawide+monitor&qid=1621432873&sr=8-21
"LG 49WL95C-WE 49 Inch 32:9 Curved DQHD (5120 x 1440) IPS UltraWide Monitor with HDR10, USB-C and 3-Side Virtually Borderless Display, Silver",4.4,473,https://www.amazon.com/LG-49WL95C-WE-Inch-UltraWide-Borderless/dp/B08TTWTCML/ref=sr_1_22?dchild=1&keywords=ultrawide+monitor&qid=1621432873&sr=8-22
"UPERFECT Portable Monitor 15.6'' Computer Display [100% sRGB High Color Gamut] 1920×1080 USB C Monitor FHD Eye Care Gaming Screen IPS HDMI Type C OTG DP Dual Speakers VESA, Included Smart Cover Stand",4.5,642,https://www.amazon.com/UPERFECT-Portable-Computer-1920%C3%971080-Speakers/dp/B08T8SGRRC/ref=sr_1_23?dchild=1&keywords=ultrawide+monitor&qid=1621432873&sr=8-23
ViewSonic VA3456-MHDJ 34 Inch 21:9 UltraWide WQHD 1440p Monitor Frameless IPS with Ergonomics Design HDMI and DisplayPort Inputs for Home and Office,4.7,758,https://www.amazon.com/ViewSonic-VA3456-MHDJ-Inch-Ergonomics-DisplayPort/dp/B08TKGWGCW/ref=sr_1_24?dchild=1&keywords=ultrawide+monitor&qid=1621432873&sr=8-24
LG 35WN65C-B 35'' Curved UltraWide QHD HDR Monitor with FreeSync (Renewed),4.4,12,https://www.amazon.com/LG-35WN65C-B-UltraWide-Monitor-FreeSync/dp/B08TB3DCJG/ref=sr_1_25?dchild=1&keywords=ultrawide+monitor&qid=1621432873&sr=8-25
"Philips Computer Monitors 292E2E 29"""" Frameless IPS Monitor, UltraWide Full HD 2560x1080, 126% sRGB/110% NTSC, 75Hz FreeSync, Height Adjustable, VESA, 4Yr Advance Replacement, Black",4.6,8.59,https://www.amazon.com/Philips-Computer-Monitors-292E2E-Replacement/dp/B08KFLL9JW/ref=sr_1_26?dchild=1&keywords=ultrawide+monitor&qid=1621432873&sr=8-26
"Philips 346E2CUAE 34"" Curved Frameless Monitor, UltraWide QHD 3440x1440 @ 100Hz, 121% sRGB, 1ms MPRT, USB-C Docking, MultiView PIP/PBP, Height Adjustable, 4Yr Advance Replacement",4.2,44,https://www.amazon.com/346E2CUAE-Frameless-UltraWide-Adjustable-Replacement/dp/B08KFSMGJ8/ref=sr_1_27?dchild=1&keywords=ultrawide+monitor&qid=1621432873&sr=8-27
"Raspberry Pi 10.1 Inch Touchscreen Display with Rear Housing - 1366x768 Support, Type-C, IPS 178° Ultra-Wide View Angle Monitor with Cooling Fan, 10 Finger Capacitive Touch",4.4,1.142,https://www.amazon.com/EVICIV-Raspberry-Monitor-1920x1200-Speakers/dp/B08L6J42VM/ref=sr_1_28?dchild=1&keywords=ultrawide+monitor&qid=1621432873&sr=8-28
"EVICIV 12.3’’ Raspberry Pi Touchscreen, FHD 1920x1280, Mini Portable Monitor with Type-C, Mini HDMI, Ultra-Wide IPS 178°Multi-Point Touch Screen, 3:2 for Raspberry Pi, PS4 WiiU Xbox One Windows 7/8/10",4.6,51,https://www.amazon.com/EVICIV-Raspberry-Touchscreen-Ultra-Wide-178%C2%B0Multi-Point/dp/B08P1M54G6/ref=sr_1_29?dchild=1&keywords=ultrawide+monitor&qid=1621432873&sr=8-29
"ViewSonic 27 Inch 1440p WQHD 1ms 144Hz Frameless IPS Gaming Monitor with FreeSync Premium Eye Care Advanced Ergonomics Mode HDMI and DP for Esports (XG2705-2K), Black",4.7,1.849,https://www.amazon.com/ViewSonic-Frameless-FreeSync-Ergonomics-XG2705-2K/dp/B08Q33Y5W3/ref=sr_1_31?dchild=1&keywords=ultrawide+monitor&qid=1621432873&sr=8-31
"Z-Edge U24I 24"" Full HD 1920x1080 75Hz LED IPS Monitor 178° Wide View Angle HDMI VGA with Eye Care Technology",4.4,60,https://www.amazon.com/Z-Edge-1920x1080-Monitor-Angle-Technology/dp/B08RYPWC53/ref=sr_1_32?dchild=1&keywords=ultrawide+monitor&qid=1621432873&sr=8-32
"LG 34WK650-W 34"" UltraWide 21:9 IPS Monitor with HDR10 and FreeSync (2018), Black/White",4.7,1.019,https://www.amazon.com/gp/slredirect/picassoRedirect.html/ref=pa_sp_btf_aps_sr_pg2_1?ie=UTF8&adId=A102645020ZZO08BEH16G&url=%2FLG-34WK650-W-34-UltraWide-21%2Fdp%2FB078GSH1LV%2Fref%3Dsr_1_33_sspa%3Fdchild%3D1%26keywords%3Dultrawide%2Bmonitor%26qid%3D1621432873%26sr%3D8-33-spons%26psc%3D1&qualifier=1621432873&id=6311114602203374&widgetName=sp_btf
"Deco Gear 34"" 3440x1440 21:9 Ultrawide Curved Monitor, 144Hz, HDR10, 4000:1 Contrast Ratio, 6ms Response Time, 99% sRGB, 16.7 Million Colors, Adaptive Sync, Blue Light Reduction",,,https://www.amazon.com/gp/slredirect/picassoRedirect.html/ref=pa_sp_btf_aps_sr_pg2_1?ie=UTF8&adId=A08271977LTG9RO0KZ08&url=%2FDeco-Gear-3440x1440-Ultrawide-Reduction%2Fdp%2FB0921YZC94%2Fref%3Dsr_1_34_sspa%3Fdchild%3D1%26keywords%3Dultrawide%2Bmonitor%26qid%3D1621432873%26sr%3D8-34-spons%26psc%3D1&qualifier=1621432873&id=6311114602203374&widgetName=sp_btf
"Acer Predator X38 Pbmiphzx 2300R Curved 37.5"" UltraWide QHD+ (3840 x 1600) Gaming Monitor | NVIDIA G-SYNC | Agile Splendor IPS | Up to 175Hz | DCI-P3 98% | DisplayHDR 400 | Display Port & HDMI, Black",4.2,20,https://www.amazon.com/Acer-X38-Pbmiphzx-UltraWide-DisplayHDR/dp/B08PPR6H2B/ref=sr_1_33?dchild=1&keywords=ultrawide+monitor&qid=1621432877&sr=8-33
"Z-Edge 34 inch Gaming Monitor, 100Hz Refresh Rate / 1ms Response Time, Frameless Ultrawide Monitor, 3440 x 1440 Display, 21:9 Aspect Ratio, AMD FreeSync Technology (Display Port & 2 x HDMI Ports)",4.3,16,https://www.amazon.com/Z-Edge-Monitor-Response-Frameless-Ultrawide/dp/B08RDSQC83/ref=sr_1_34?dchild=1&keywords=ultrawide+monitor&qid=1621432877&sr=8-34
"UPERFECT True 4K Portable Monitor, 15.6'' UHD IPS 3840x2160 USB C Monitor Unique Arch Metal Frame,100% sRGB 400 Nits Brightness, HDR FreeSync Speaker HDMI Type-C OTG VESA Computer Monitor w/Smart Case",4.4,277,https://www.amazon.com/UPERFECT-Portable-3840x2160-Brightness-FreeSync/dp/B08NSW5F8V/ref=sr_1_35?dchild=1&keywords=ultrawide+monitor&qid=1621432877&sr=8-35
"ViewSonic VP3481a ColorPro 34 Inch WQHD+ Curved Monitor with FreeSync, 100Hz Refresh, USB C (90W), 100% sRGB, HDR10, RJ45, Color Blindness Mode, Hardware Calibration for Video and Graphics, Black",4.6,242,https://www.amazon.com/ViewSonic-VP3481a-ColorPro-Blindness-Calibration/dp/B08KRLDCYY/ref=sr_1_37?dchild=1&keywords=ultrawide+monitor&qid=1621432877&sr=8-37
"HP 24"" FHD 144Hz 1ms GTG IPS LED FreeSync Gaming Monitor (X24ih) - Black",5.0,3,https://www.amazon.com/HP-FreeSync-Gaming-Monitor-X24ih/dp/B08P9XXQKY/ref=sr_1_39?dchild=1&keywords=ultrawide+monitor&qid=1621432877&sr=8-39
"Samsung 34"" Class Ultrawide Monitor with 21:9 Wide Screen, S34J552WQNXZA (Renewed)",4.4,133,https://www.amazon.com/Samsung-Class-Ultrawide-Monitor-S34J552WQNXZA/dp/B08P9RJ1X7/ref=sr_1_40?dchild=1&keywords=ultrawide+monitor&qid=1621432877&sr=8-40
"BenQ EX3501R 21:9 Ultrawide Curved QHD Monitor & e-Reading LED Desk Lamp with Swing Arm, Auto-Dimming and Hue Adjustment, No Screen Glare, Eye Care - Silver (AR15_D Silver)",5.0,1,https://www.amazon.com/BenQ-EX3501R-Reading-Auto-Dimming-Adjustment/dp/B08P6M5TDY/ref=sr_1_41?dchild=1&keywords=ultrawide+monitor&qid=1621432877&sr=8-41
LG 35WN65C-B 35'' Curved UltraWide QHD HDR Monitor with FreeSync,4.3,20,https://www.amazon.com/LG-35WN65C-B-UltraWide-Monitor-FreeSync/dp/B08D6NVLDD/ref=sr_1_42?dchild=1&keywords=ultrawide+monitor&qid=1621432877&sr=8-42
"Sceptre Curved 49 inch (5120x1440) Dual QHD 32:9 Gaming Monitor up to 120Hz DisplayPort HDMI Build-in Speakers, Gunmetal Black 2021 (C505B-QSN168)",4.4,22,https://www.amazon.com/Sceptre-Curved-inch-5120x1440-Build/dp/B08MVG653F/ref=sr_1_43?dchild=1&keywords=ultrawide+monitor&qid=1621432877&sr=8-43
"AG Neovo CD-2701 27 Inch LCD Monitor with Protective Glass Screen, HDMI Cable Included, 1080p, HDMI, VGA Inputs and Speakers, VA Panel, Flicker Free, Blue Light Filter",4.4,38,https://www.amazon.com/AG-Neovo-Protective-Included-Speakers/dp/B088Z1RJLS/ref=sr_1_46?dchild=1&keywords=ultrawide+monitor&qid=1621432877&sr=8-46
"4K Portable Monitor,15.6 inch USB C External Monitor Gaming Display Portable Monitor 3840 x 2160 UHD Computer Monitor with Dual Type-C Mini HDMI freesync for Laptop PC Phone MAC Surface Xbox PS4",4.1,19,https://www.amazon.com/Portable-Monitor-External-Computer-freesync/dp/B08L8RSG6F/ref=sr_1_48?dchild=1&keywords=ultrawide+monitor&qid=1621432877&sr=8-48
"Deco Gear DGVM29PB 29-Inch 2560x1080 100Hz VA Curved Gaming Monitor, 4ms Response Time, 3000:1 Contrast Ratio, sRGB, NTSC 85, DCI-P3, and Adobe RGB Color Accurate",4.8,47,https://www.amazon.com/gp/slredirect/picassoRedirect.html/ref=pa_sp_btf_aps_sr_pg3_1?ie=UTF8&adId=A01133042KK7CZB4CD62A&url=%2FDeco-Gear-DGVM29PB-2560x1080-Response%2Fdp%2FB08KFNB3YR%2Fref%3Dsr_1_49_sspa%3Fdchild%3D1%26keywords%3Dultrawide%2Bmonitor%26qid%3D1621432877%26sr%3D8-49-spons%26psc%3D1&qualifier=1621432877&id=7585571154936534&widgetName=sp_btf
"Sceptre IPS 27-Inch Business Computer Monitor 1080p 75Hz with HDMI VGA Build-in Speakers, Machine Black 2020 (E275W-FPT)",4.6,1.93,https://www.amazon.com/gp/slredirect/picassoRedirect.html/ref=pa_sp_btf_aps_sr_pg3_1?ie=UTF8&adId=A07621481SJQSXKZFPOYW&url=%2FSceptre-Business-Computer-Speakers-e275W-FPT%2Fdp%2FB089BTLL9K%2Fref%3Dsr_1_50_sspa%3Fdchild%3D1%26keywords%3Dultrawide%2Bmonitor%26qid%3D1621432877%26sr%3D8-50-spons%26psc%3D1&qualifier=1621432877&id=7585571154936534&widgetName=sp_btf
"Z-Edge U24C 24-inch Curved Gaming Monitor, Full HD 1080P 1920x1080 LED Backlight Monitor, with 75Hz Refresh Rate and Eye-Care Technology, 178° Wide View Angle, Built-in Speakers, VGA+HDMI",4.5,289,https://www.amazon.com/Z-Edge-1920x1080-Backlight-Eye-Care-Technology/dp/B08L3H5DSR/ref=sr_1_51?dchild=1&keywords=ultrawide+monitor&qid=1621432879&sr=8-51
"Raspberry Pi 4 Screen 10.1'' IPS Monitor- SunFounder 10.1'' Raspberry Pi LCD IPS Display Portable Monitor High Resolution 1280×800, All-in-One Scheme Design for Raspberry Pi 400 4 Model B",4.5,89,https://www.amazon.com/Raspberry-Monitor-SunFounder-Resolution-1280%C3%97800/dp/B08FHF7H3L/ref=sr_1_53?dchild=1&keywords=ultrawide+monitor&qid=1621432879&sr=8-53
Sceptre 34-inch Curved UltraWide 21: 9 Creative LED Monitor 2560x1080 Frameless HDMI DisplayPort Up to 100Hz & Perixx Periboard-512 Ergonomic Split Keyboard - Black - Bulky Size 19.09“x9.29“x1.73“,4.7,1.134,https://www.amazon.com/Sceptre-34-inch-Curved-UltraWide-Periboard-512/dp/B08KVMNN6K/ref=sr_1_54?dchild=1&keywords=ultrawide+monitor&qid=1621432879&sr=8-54
"Portable Monitor - 15.8'' USB C HDMI Display, 1080P FHD IPS Second Screen for Laptop Desktop, 100% sRGB Gaming Monitor with Speakers for PC MAC PS4 PS5 Xbox Smartphone, Leather Cover Included",4.5,358,https://www.amazon.com/Portable-Monitor-Speakers-Smartphone-Included/dp/B08JCGJNQ8/ref=sr_1_55?dchild=1&keywords=ultrawide+monitor&qid=1621432879&sr=8-55
"Deco Gear DGVM29PB 29-Inch 2560x1080 100Hz VA Curved Gaming Monitor, 4ms Response Time, 3000:1 Contrast Ratio, sRGB, NTSC 85, DCI-P3, and Adobe RGB Color Accurate",4.8,47,https://www.amazon.com/Deco-Gear-DGVM29PB-2560x1080-Response/dp/B08KFNB3YR/ref=sr_1_59?dchild=1&keywords=ultrawide+monitor&qid=1621432879&sr=8-59
"Deco Gear DGVM27AB 27-Inch 2560x1440 HDR 400 Color Accurate Curved Gaming Monitor, VA Panel, 16:9 Aspect Ratio, 3000:1 Contrast Ratio, 99% sRGB, 85% NTSC, 90% DCI-P3, 83% Adobe RGB, 144Hz Refresh Rate",4.5,52,https://www.amazon.com/Deco-Gear-DGVM27AB-2560x1440-Accurate/dp/B08KFMN2PT/ref=sr_1_60?dchild=1&keywords=ultrawide+monitor&qid=1621432879&sr=8-60
ViewSonic Elite XG270Q 27 Inch 1ms 1440p 165Hz G-SYNC Compatible Gaming Monitor with VESA DisplayHDR 400 and Advanced Ergonomics for Esports,4.7,1.273,https://www.amazon.com/ViewSonic-XG270Q-Compatible-DisplayHDR-Ergonomics/dp/B08GTSR3DJ/ref=sr_1_63?dchild=1&keywords=ultrawide+monitor&qid=1621432879&sr=8-63
"LG 34” TAA IPS QHD UltraWide Curved Monitor (3440x1440) with 21:9 Aspect Ratio, HDR10, sRGB 99% Color Gamut, Dual Controller & MaxxAudio, Black (34BN770-B)",,,https://www.amazon.com/LG-UltraWide-Curved-Monitor-3440x1440/dp/B08JYGJP39/ref=sr_1_64?dchild=1&keywords=ultrawide+monitor&qid=1621432879&sr=8-64
"viozon Monitor and Laptop Mount, 2-in-1 Adjustable Dual Arm Desk Mounts Single Desk Arm Stand/Holder for 17 to 32 Inch LCD Computer Screens, Extra Tray Fits 12 to 17 inch Laptops (Silver)",4.5,2.496,https://www.amazon.com/gp/slredirect/picassoRedirect.html/ref=pa_sp_btf_aps_sr_pg4_1?ie=UTF8&adId=A05381511SJ48C0WGXO93&url=%2FMonitor-Adjustable-Mounts%25EF%25BC%258CSingle-Computer-Screens%2Fdp%2FB07LFWPRG5%2Fref%3Dsr_1_65_sspa%3Fdchild%3D1%26keywords%3Dultrawide%2Bmonitor%26qid%3D1621432879%26sr%3D8-65-spons%26psc%3D1&qualifier=1621432879&id=2079168640348633&widgetName=sp_btf
"LG 32UD60-B 4K UHD FreeSync Monitor with Height Adjustable Stand, Black",4.5,453,https://www.amazon.com/gp/slredirect/picassoRedirect.html/ref=pa_sp_btf_aps_sr_pg4_1?ie=UTF8&adId=A01137602RMCOW4MYR0R2&url=%2FLG-32UD60-B-UHD-Monitor-FreeSync%2Fdp%2FB079H5Z4S8%2Fref%3Dsr_1_66_sspa%3Fdchild%3D1%26keywords%3Dultrawide%2Bmonitor%26qid%3D1621432879%26sr%3D8-66-spons%26psc%3D1&qualifier=1621432879&id=2079168640348633&widgetName=sp_btf
"Lenovo G32qc-10 31.5"" WQHD Curved Screen WLED Gaming LCD Monitor - 16:9 - Black - 32"" Class - Vertical Alignment (VA) - 2560 x 1440-16.7 Million Colors - FreeSync - 350 Nit - 4 ms Extreme",4.2,5,https://www.amazon.com/Lenovo-G32qc-10-Curved-Screen-Monitor/dp/B08JQCNX9K/ref=sr_1_67?dchild=1&keywords=ultrawide+monitor&qid=1621432881&sr=8-67
HP M27ha FHD Monitor - Full HD Monitor (1920 x 1080p) - IPS Panel and Built-in Audio - VESA Compatible 27-inch Monitor Designed for Comfortable Viewing with Height and Pivot Adjustment - (22H94AA#ABA),4.7,960,https://www.amazon.com/HP-M27ha-FHD-Monitor-Built/dp/B08DJB7VVY/ref=sr_1_68?dchild=1&keywords=ultrawide+monitor&qid=1621432881&sr=8-68
"AMATAGE HDMI Portable Monitor 15.6 Inch for USB Type C, FHD IPS Screen Portable Display 1920×1080 for Laptop PC MAC Phone Xbox PS4, Leather Case, 2 Speakers (Black)",3.9,94,https://www.amazon.com/AMATAGE-Portable-Monitor-1920%C3%971080-Speakers/dp/B08FTCK8FP/ref=sr_1_69?dchild=1&keywords=ultrawide+monitor&qid=1621432881&sr=8-69
"Samsung Business T85F Series 27 inch QHD 2560 x 1440 75Hz Computer Monitor for Business with HDMI, DisplayPort, USB Hub, 3-Yr WRNTY (F27T850QWN) Black",4.4,155,https://www.amazon.com/Samsung-Business-Computer-DisplayPort-F27T850QWN/dp/B08B8YSBRC/ref=sr_1_70?dchild=1&keywords=ultrawide+monitor&qid=1621432881&sr=8-70
"SAMSUNG 27-inch T35F LED Monitor with Border-Less Design, IPS Panel, 75hz, FreeSync, and Eye Saver Mode (LF27T350FHNXZA), Dark Blue Gray",4.5,199,https://www.amazon.com/SAMSUNG-27-inch-Border-Less-FreeSync-LF27T350FHNXZA/dp/B08FF3JQ28/ref=sr_1_72?dchild=1&keywords=ultrawide+monitor&qid=1621432881&sr=8-72
"Gigabyte G34WQC 34"" 144Hz Ultra-Wide Curved Gaming Monitor, 3440 x 1440 VA 1500R Display, 1ms (MPRT) Response Time, 90% DCI-P3, VESA Display HDR400, FreeSync Premium, Black (G34WQC-SA)",4.6,2.253,https://www.amazon.com/Gigabyte-Ultra-Wide-Response-FreeSync-G34WQC-SA/dp/B08GFN64F2/ref=sr_1_74?dchild=1&keywords=ultrawide+monitor&qid=1621432881&sr=8-74
"4K Portable Monitor Touchscreen, UPERFECT Gravity Sensor Automatic Rotate 15.6'' Slimmest 10-Point Touch UHD Dual USB C Monitor Bracket Integrated & Frameless Bezel Glass, Included Monitor Case",,,https://www.amazon.com/Touchscreen-UPERFECT-Automatic-Integrated-Frameless/dp/B08HM35177/ref=sr_1_75?dchild=1&keywords=ultrawide+monitor&qid=1621432881&sr=8-75
"UPERFECT 4K Computer Monitor 15.6"" Gaming Display Portable USB C Monitors 3840 x 2160 UHD with Stand Smart Case Eye Care Screen, Included Laptop Sleeve Protective Case",5.0,1,https://www.amazon.com/UPERFECT-Computer-Portable-Monitors-Protective/dp/B08HM1ZQXL/ref=sr_1_76?dchild=1&keywords=ultrawide+monitor&qid=1621432881&sr=8-76
"Z-Edge 32-inch Curved Gaming Monitor 16:9 1920x1080 165/144Hz 1ms Frameless LED Gaming Monitor, AMD Freesync Premium Display Port HDMI Build-in Speakers",4.4,51,https://www.amazon.com/Z-Edge-32-inch-Curved-Gaming-Monitor/dp/B08H5L51ZG/ref=sr_1_80?dchild=1&keywords=ultrawide+monitor&qid=1621432881&sr=8-80
"Perlegear Dual Monitor Desk Mount with Height Adjustable Articulating Arms Stand Heavy Duty Clamp and Grommet Base Fits Two 17-32 Inch Flat Curved Screens, Max VESA 100x100mm Holds up to 26 lbs",4.5,152,https://www.amazon.com/gp/slredirect/picassoRedirect.html/ref=pa_sp_btf_aps_sr_pg5_1?ie=UTF8&adId=A050877124R21CO6INHFQ&url=%2FPerlegear-Monitor-Adjustable-Articulating-100x100mm%2Fdp%2FB08H5GD51Y%2Fref%3Dsr_1_81_sspa%3Fdchild%3D1%26keywords%3Dultrawide%2Bmonitor%26qid%3D1621432881%26sr%3D8-81-spons%26psc%3D1&qualifier=1621432881&id=7328457127065637&widgetName=sp_btf
"Deco Gear 15.6"" Portable Monitor 1920x1080 IPS FHD Panel, Rich Display with 16.7 Million Colors, 60Hz, Built-in Dual Speakers, Powered by USB Type-C and HDMI, PC, Mac, Mobile Screen Extender",,,https://www.amazon.com/gp/slredirect/picassoRedirect.html/ref=pa_sp_btf_aps_sr_pg5_1?ie=UTF8&adId=A0374372178ZQ45DUGBAT&url=%2FDeco-Gear-Portable-1920x1080-Speakers%2Fdp%2FB091XYR7M9%2Fref%3Dsr_1_82_sspa%3Fdchild%3D1%26keywords%3Dultrawide%2Bmonitor%26qid%3D1621432881%26sr%3D8-82-spons%26psc%3D1&qualifier=1621432881&id=7328457127065637&widgetName=sp_btf
"Acer Nitro XZ342CK Pbmiiphx 34"" 1500R Curved WQHD (3440 x 1440) VA Gaming Monitor with AMD Radeon Freesync, VESA Certified DisplayHDR400, 95% sRGB, 144Hz, 1ms VRB (Display Port & 2 x HDMI 2.0 Ports)",4.5,899,https://www.amazon.com/Acer-XZ342CK-Pbmiiphx-Certified-DisplayHDR400/dp/B08BW3XS12/ref=sr_1_81?dchild=1&keywords=ultrawide+monitor&qid=1621432884&sr=8-81
UPERFECT Portable Monitor,,,https://www.amazon.com/UPERFECT-Portable-Monitor/dp/B08GYP56RJ/ref=sr_1_83?dchild=1&keywords=ultrawide+monitor&qid=1621432884&sr=8-83
"Portable Monitor, Ultra Slim Portable Monitor for Laptop HDMI USB C, InnoView 15.6” FHD 1080P HDR IPS Screen 178°Full View, for MacBook/iPhone/Android Xbox Switch PS5 Raspberry Pi",4.7,175,https://www.amazon.com/Portable-Monitor-InnoView-178%C2%B0Full-Raspberry/dp/B08GP2F1C3/ref=sr_1_84?dchild=1&keywords=ultrawide+monitor&qid=1621432884&sr=8-84
"G-STORY 15.6"" 165Hz Portable Monitor, 1080P FHD 144Hz 1ms Gaming Monitor IPS Screen Portable Monitor External Secondary Display with Type-C/HDMI/DP Input for PC Phone Laptop Nintendo Xbox PS5 PS4",4.3,63,https://www.amazon.com/Portable-G-STORY-FreeSync-Speakers-Nintendo/dp/B08B8471BF/ref=sr_1_88?dchild=1&keywords=ultrawide+monitor&qid=1621432884&sr=8-88
LG 34GP83A-B 34 Inch 21: 9 UltraGear Curved QHD (3440 x 1440) 1ms Nano IPS Gaming Monitor with 144Hz and G-SYNC Compatibility - Black (34GP83A-B),4.7,601,https://www.amazon.com/LG-34GP83A-B-Inch-Ultragear-Compatibility/dp/B08DWD38VX/ref=sr_1_90?dchild=1&keywords=ultrawide+monitor&qid=1621432884&sr=8-90
"Sceptre Curved 27"" LED Monitor HDMI VGA up to 75Hz Build-in Speakers, Edgeless Machine Black 2021 (C278W-1920RN)",4.7,253,https://www.amazon.com/Sceptre-Monitor-Speakers-Edgeless-C278W-1920RN/dp/B08FM2MXZC/ref=sr_1_91?dchild=1&keywords=ultrawide+monitor&qid=1621432884&sr=8-91
"Samsung Business FT452 Series 24 inch 1080p 75Hz IPS Computer Monitor for Business with HDMI, DisplayPort, USB, HAS Stand, 3-Yr Wrnty (F24T452FQN), Black",4.6,995,https://www.amazon.com/Samsung-Business-Computer-DisplayPort-F24T452FQN/dp/B08CLSXJSW/ref=sr_1_93?dchild=1&keywords=ultrawide+monitor&qid=1621432884&sr=8-93
"Trio Max Portable Monitor for Laptop, 14.1"" FHD 1080P Attachable Laptop Screen, USB C/USB A Dual or Triple Displays,13-17"" Laptops Windows/OS/Android/Nintendo Switch(1pc 14"" Monior)",4.2,381,https://www.amazon.com/Trio-Portable-Displays-Dual-Side-Lightweight/dp/B077XVQX83/ref=sr_1_94?dchild=1&keywords=ultrawide+monitor&qid=1621432884&sr=8-94
"AOC C32G2 32"" Curved Frameless Gaming Monitor FHD, 1500R Curved VA, 1ms, 165Hz, FreeSync, Height adjustable, 3-Year Zero Dead Pixel Policy, Black",4.7,8.743,https://www.amazon.com/AOC-C32G2-Frameless-FreeSync-adjustable/dp/B08BT9DZQW/ref=sr_1_95?dchild=1&keywords=ultrawide+monitor&qid=1621432884&sr=8-95
"AOPEN 27HC5R Pbiipx 27"" 1500R Curved Full HD (1920 x 1080) VA Gaming Monitor with AMD Radeon FREESYNC Premium Technology, 165Hz (Display Port & 2 x HDMI Ports), Black",4.5,1.02,https://www.amazon.com/AOPEN-27HC5R-Pbiipx-FREESYNC-Technology/dp/B08DG9JL1V/ref=sr_1_96?dchild=1&keywords=ultrawide+monitor&qid=1621432884&sr=8-96
"HUVIBE Bamboo Dual Monitor Stand Riser with Length and Angle Adjustable, 3 Shelf Multifunctional Screen Desktop Organizer for Laptop Computer, TV, PC, Printer, Multi Media Speaker-Walnut …",4.5,591,https://www.amazon.com/gp/slredirect/picassoRedirect.html/ref=pa_sp_btf_aps_sr_pg6_1?ie=UTF8&adId=A01951831HJ6UYBO8YMZU&url=%2FHUVIBE-Adjustable-Multifunctional-Organizer-Speaker-Walnut%2Fdp%2FB07SY9CZR7%2Fref%3Dsr_1_97_sspa%3Fdchild%3D1%26keywords%3Dultrawide%2Bmonitor%26qid%3D1621432884%26sr%3D8-97-spons%26psc%3D1&qualifier=1621432884&id=1925364972189457&widgetName=sp_btf
"LG 27GL83A-B 27 Inch Ultragear QHD IPS 1ms NVIDIA G-SYNC Compatible Gaming Monitor, Black",4.8,6.539,https://www.amazon.com/gp/slredirect/picassoRedirect.html/ref=pa_sp_btf_aps_sr_pg6_1?ie=UTF8&adId=A0536574119IRIW42J2FC&url=%2FLG-27GL83A-B-Ultragear-Compatible-Monitor%2Fdp%2FB07YGZL8XF%2Fref%3Dsr_1_98_sspa%3Fdchild%3D1%26keywords%3Dultrawide%2Bmonitor%26qid%3D1621432884%26sr%3D8-98-spons%26psc%3D1&qualifier=1621432884&id=1925364972189457&widgetName=sp_btf
"ASUS TUF Gaming 32"" 2K HDR Curved Monitor (VG32VQ1B) - WQHD (2560 x 1440), 165Hz (Supports 144Hz), 1ms, Extreme Low Motion Blur, Speaker, FreeSync Premium, VESA Mountable, DisplayPort, HDMI",4.7,3.043,https://www.amazon.com/ASUS-VG32VQ1B-Supports-Adaptive-sync-DisplayPort/dp/B088MKF848/ref=sr_1_97?dchild=1&keywords=ultrawide+monitor&qid=1621432886&sr=8-97
Geoyeao 15.6'' 1080P Portable Monitor for Laptop VESA Supported 60Hz IPS Screen USB Type-C/Mini HDMI Connection for PC/Gaming Monitor/PS4/Xbox/Switch/Phone/DSLR/TV Stick/DVD Player,4.5,658,https://www.amazon.com/Portable-Monitor-Geoyeao-Computer-Compatible/dp/B08BRGVHTG/ref=sr_1_100?dchild=1&keywords=ultrawide+monitor&qid=1621432886&sr=8-100
"Samsung Business TU87F 32 inch 4K UHD 3840x2160 60Hz Computer Monitor for Business with Thunderbolt 3, DisplayPort, USB Hub, 3-Yr WRNTY (F32TU872VN)",3.7,65,https://www.amazon.com/Samsung-Business-Thunderbolt-DisplayPort-F32TU872VN/dp/B08CLSPKJG/ref=sr_1_101?dchild=1&keywords=ultrawide+monitor&qid=1621432886&sr=8-101
"ASUS ROG Strix 27"" 4K HDR DSC Gaming Monitor (XG27UQ) - UHD (3840 x 2160), IPS, 144Hz, 1ms, Adaptive-Sync, G-SYNC Compatible, DisplayHDR 400, 90% DCI-P3, Aura Sync, VESA Mountable, DisplayPort, HDMI",4.5,434,https://www.amazon.com/ASUS-XG27UQ-Adaptive-DisplayHDR-DisplayPort/dp/B08C65GFGK/ref=sr_1_102?dchild=1&keywords=ultrawide+monitor&qid=1621432886&sr=8-102
"Acer Nitro XV340CK Pbmiipphzx 34"" QHD (3440 x 1440) IPS Gaming Monitor with AMD Radeon FREESYNC, 144Hz, 1ms VRB, HDR10 Technology, (2 x Display Ports, 2 x HDMI 2.0 & 2 x USB 3.0 Ports), Black",4.4,249,https://www.amazon.com/Acer-XV340CK-Pbmiipphzx-FREESYNC-Technology/dp/B08BG4GWRL/ref=sr_1_104?dchild=1&keywords=ultrawide+monitor&qid=1621432886&sr=8-104
LG 32MN600P-B 31.5'' Full HD 1920 x 1080 IPS Monitor with AMD FreeSync with Display Port and HDMI Inputs (2020 Model),4.7,178,https://www.amazon.com/LG-32MN600P-B-Monitor-FreeSync-Display/dp/B08BCTBD6Y/ref=sr_1_105?dchild=1&keywords=ultrawide+monitor&qid=1621432886&sr=8-105
LG 34WL60TM-B Used 34 Inch 21:9 UltraWide 1080p Full HD IPS Monitor,,,https://www.amazon.com/LG-34WL60TM-B-Used-Inch-UltraWide/dp/B08B8WT59Q/ref=sr_1_107?dchild=1&keywords=ultrawide+monitor&qid=1621432886&sr=8-107
"Sceptre Curved 27"" Gaming Monitor up to 165Hz DisplayPort 144Hz HDMI Edge-Less AMD FreeSync Premium, Build-in Speakers Machine Black 2021 (C275B-1858RN)",4.8,1.403,https://www.amazon.com/Sceptre-DisplayPort-Edge-Less-FreeSync-C275B-1858RN/dp/B089V2R9WW/ref=sr_1_109?dchild=1&keywords=ultrawide+monitor&qid=1621432886&sr=8-109
"Cooler Master 27 Inch 16:9 Curved PC Gaming Monitor, Ultrawide Frameless Led Full HD 1080P Curve Screen 1500R VA Panel, HDMI 165Hz Built-in Speakers VESA Mounting Tilt & Swivel Adjustment AMD FreeSync",4.6,108,https://www.amazon.com/Cooler-Master-Frameless-Monitor-1920x1080/dp/B084ZLYJ7F/ref=sr_1_110?dchild=1&keywords=ultrawide+monitor&qid=1621432886&sr=8-110
"Lenovo G34w-10 34-Inch WQHD Curved Gaming Monitor, 21:9 Ultra-Wide, 3 Side NearEdgeless, 3440 x 1440, AMD FreeSync, 144Hz, HDMI, DP, Adjustable Stand, VESA, 66A1GCCBUS, Black",4.3,73,https://www.amazon.com/Lenovo-G34w-10-34-Inch-Curved-Monitor/dp/B084R2XYM9/ref=sr_1_111?dchild=1&keywords=ultrawide+monitor&qid=1621432886&sr=8-111
"Lenovo L24q-30 23.8-inch QHD (2560 x 1440) LED Backlit IPS Monitor, FreeSync, Widescreen, 3-Side Narrow Bezels, 75Hz, 4ms, HDMI, DP, Title, VESA Mount, 65FBGCC1US, Raven Black",4.1,22,https://www.amazon.com/Lenovo-L24q-30-23-8-inch-Widescreen-65FBGCC1US/dp/B089FJS412/ref=sr_1_112?dchild=1&keywords=ultrawide+monitor&qid=1621432886&sr=8-112
"Sceptre IPS 24-Inch Business Computer Monitor 1080p 75Hz with HDMI VGA Build-in Speakers, Machine Black (E248W-FPT)",4.7,1.816,https://www.amazon.com/gp/slredirect/picassoRedirect.html/ref=pa_sp_btf_aps_sr_pg7_1?ie=UTF8&adId=A03711302FSURVRL87DTU&url=%2FSceptre-Business-Computer-Speakers-E248W-FPT%2Fdp%2FB087QRW81Z%2Fref%3Dsr_1_113_sspa%3Fdchild%3D1%26keywords%3Dultrawide%2Bmonitor%26qid%3D1621432886%26sr%3D8-113-spons%26psc%3D1&qualifier=1621432886&id=894219693961016&widgetName=sp_btf
"WALI GSDM003 Premium Triple LCD Monitor Desk Mount Fully Adjustable Gas Spring Stand for Display up to 27 inch, 15.4lbs Weight Capacity, Triple Arm, Black",4.5,5.078,https://www.amazon.com/gp/slredirect/picassoRedirect.html/ref=pa_sp_btf_aps_sr_pg7_1?ie=UTF8&adId=A0779764XT8JG33ZFGTM&url=%2FWALI-Premium-Adjustable-Capacity-GSDM003%2Fdp%2FB07VRB86RQ%2Fref%3Dsr_1_114_sspa%3Fdchild%3D1%26keywords%3Dultrawide%2Bmonitor%26qid%3D1621432886%26sr%3D8-114-spons%26psc%3D1&qualifier=1621432886&id=894219693961016&widgetName=sp_btf
"LG 32QN600-B 32-Inch QHD (2560 x 1440) IPS Monitor with HDR 10, AMD FreeSync with Dual HDMI Inputs, Black",4.7,1.617,https://www.amazon.com/LG-32QN600-B-32-Inch-Monitor-FreeSync/dp/B088YN9LBK/ref=sr_1_113?dchild=1&keywords=ultrawide+monitor&qid=1621432888&sr=8-113
"LG 38WN95C-W 38 Inch Curved 21:9 UltraWide QHD+ (3840 x 1600) Monitor with Nano IPS, Thunderbolt 3 Connectivity and 1ms Response Time - 144Hz Refresh Rate, White/Silver",4.3,98,https://www.amazon.com/LG-38WN95C-W-Inch-Curved-Connectivity/dp/B0892MHG9H/ref=sr_1_114?dchild=1&keywords=ultrawide+monitor&qid=1621432888&sr=8-114
"Battery Portable Monitor, UPERFECT Upgraded 15.6 Inch IPS HDR 1920X1080 FHD USB C Monitor Built-in 10800mAh Battery & Quad Speaker, Eye Care with HDMI USB Type-C Smart Case (Touch)",4.1,115,https://www.amazon.com/Portable-Touchscreen-UPERFECT-Upgraded-1920X1080/dp/B0875Y6DNJ/ref=sr_1_116?dchild=1&keywords=ultrawide+monitor&qid=1621432888&sr=8-116
"ASUS ProArt Display PA248QV 24.1” WUXGA (1920 x 1200) 16:10 Monitor, 100% sRGB/Rec.709 ΔE < 2, IPS, DisplayPort HDMI D-Sub, Calman Verified",4.7,1.445,https://www.amazon.com/ASUS-ProArt-Display-PA248QV-WUXGA/dp/B088BC5HKF/ref=sr_1_118?dchild=1&keywords=ultrawide+monitor&qid=1621432888&sr=8-118
"Dark Matter by Monoprice 34in Curved Ultrawide Gaming Monitor - 21:9, 1500R, UWQHD, 3440x1440p, 144Hz, 4ms GTG, DisplayHDR 400, AMD FreeSync, Height Adjustable Stand, Quantum Dot, VA, Black (140776)",4.6,31,https://www.amazon.com/Matter-Monoprice-Curved-Ultrawide-Monitor/dp/B088LX5K32/ref=sr_1_119?dchild=1&keywords=ultrawide+monitor&qid=1621432888&sr=8-119
"Lenovo - Q27q-10 27"" IPS LED QHD FreeSync Monitor - Black",4.3,25,https://www.amazon.com/Lenovo-Q27q-10-FreeSync-Monitor-Black/dp/B088JYBMH2/ref=sr_1_120?dchild=1&keywords=ultrawide+monitor&qid=1621432888&sr=8-120
"Sceptre Curved Gaming 32"" 1080p LED Monitor up to 185Hz 165Hz 144Hz 1920x1080 AMD FreeSync HDMI DisplayPort Build-in Speakers, Machine Black 2020 (C326B-185RD)",4.7,3.103,https://www.amazon.com/Sceptre-1920x1080-FreeSync-DisplayPort-C326B-185RD/dp/B088GWZ6YD/ref=sr_1_121?dchild=1&keywords=ultrawide+monitor&qid=1621432888&sr=8-121
"Acer Nitro XFA240Q Sbiipr 23.6” FHD (1920 x 1080) Gaming Monitor with AMD RADEON FreeSync Technology, 1ms (G to G), Up to 165Hz, (1 x Display Port & 2 x HDMI 2.0 Ports), Black",4.6,4.459,https://www.amazon.com/Acer-XFA240Q-Sbiipr-FreeSync-Technology/dp/B087G87YNJ/ref=sr_1_123?dchild=1&keywords=ultrawide+monitor&qid=1621432888&sr=8-123
"Samsung Business CH890 Series 34 inch WQHD 3440x1440 Ultrawide Curved Desktop Monitor for Business, 100 Hz, USB-C, HDMI, DP, 3 Year Warranty (LC34H890WGNXGO), Black/Titanium",4.5,586,https://www.amazon.com/Samsung-Business-3440x1440-Ultrawide-LC34H890WGNXGO/dp/B08623SZH9/ref=sr_1_124?dchild=1&keywords=ultrawide+monitor&qid=1621432888&sr=8-124
"LG 29WN600-W 29"" 21:9 UltraWide WFHD IPS HDR10 Monitor with FreeSync, Silver",4.6,1.712,https://www.amazon.com/LG-29WN600-W-29-21-UltraWide/dp/B0876DBCBX/ref=sr_1_125?dchild=1&keywords=ultrawide+monitor&qid=1621432888&sr=8-125
"AGNEOVO SC-24E 23.8 inch FHD 1920 x 1080 5ms LCD Monitor, w/Speakers (Black)",3.0,1,https://www.amazon.com/AGNEOVO-SC-24E-Monitor-Speakers-Black/dp/B07WRF78MG/ref=sr_1_127?dchild=1&keywords=ultrawide+monitor&qid=1621432888&sr=8-127
"4K Portable Monitor - AZMIOR 15.6 Inch UHD 3840x2160 IPS 100% sRGB 60Hz, HDR Freesync Gaming Computer Display with Dual USB C Mini HD for Laptop, PC, MAC, Surface, Phone, PS3, PS4, Xbox, Switch",4.3,195,https://www.amazon.com/4K-Portable-Monitor-3840x2160-Freesync/dp/B086JN9XGX/ref=sr_1_128?dchild=1&keywords=ultrawide+monitor&qid=1621432888&sr=8-128
"17 Inch PC Monitor HDMI Monitor 1280 X 1024 LED Monitor with 72% sRGB Color Correction and 4:3 Aspect Ratio, 60 Hz Refresh Rate, 5Ms Response Time, VESA Mountable, VGA, HDMI, TN Panel",,,https://www.amazon.com/gp/slredirect/picassoRedirect.html/ref=pa_sp_btf_aps_sr_pg8_1?ie=UTF8&adId=A015849314EQXYTORKX0V&url=%2FInch-Monitor-HDMI-Color-Correction%2Fdp%2FB08XQW1N81%2Fref%3Dsr_1_129_sspa%3Fdchild%3D1%26keywords%3Dultrawide%2Bmonitor%26qid%3D1621432888%26sr%3D8-129-spons%26psc%3D1&qualifier=1621432888&id=5164934123087341&widgetName=sp_btf
"LG 27UL500-W 27-Inch UHD (3840 x 2160) IPS Monitor with Radeon Freesync Technology and HDR10, White",4.7,1.651,https://www.amazon.com/gp/slredirect/picassoRedirect.html/ref=pa_sp_btf_aps_sr_pg8_1?ie=UTF8&adId=A0745502387QBH5ODOUYK&url=%2FLG-27UL500-W-27-Inch-Freesync-Technology%2Fdp%2FB07PGL2WVS%2Fref%3Dsr_1_130_sspa%3Fdchild%3D1%26keywords%3Dultrawide%2Bmonitor%26qid%3D1621432888%26sr%3D8-130-spons%26psc%3D1&qualifier=1621432888&id=5164934123087341&widgetName=sp_btf
"Portable Monitor, Upgraded 17.3 Inch 144HZ FreeSync IPS HDR 100% sRGB 1920X1080 FHD Eye Care Screen USB C Gaming Monitor, Dual Speaker Type-C HDMI VESA for Laptop PC MAC Phone with Smart Case",4.4,93,https://www.amazon.com/Portable-Monitor-Upgraded-1920X1080-Computer/dp/B086YHYC3T/ref=sr_1_130?dchild=1&keywords=ultrawide+monitor&qid=1621432890&sr=8-130
"VIOTEK GFV27DAB 27-Inch Gaming Monitor | 144Hz 1440p | Color-Rich, HDR-Ready VA Panel, G-Sync-Compatible FreeSync Monitor | HDMI DP 3.5mm | Full-Motion Stand | 3-Year Warranty (VESA),Black",4.5,3.874,https://www.amazon.com/GFV27DAB-Color-Rich-HDR-Ready-G-Sync-Compatible-Full-Motion/dp/B086ZZBPY9/ref=sr_1_131?dchild=1&keywords=ultrawide+monitor&qid=1621432890&sr=8-131
"VIOTEK GFT27CXB 27-Inch Gaming Monitor | 240Hz 1080p Full-HD 1ms | Multi-User Profiles, G-Sync-Ready & FreeSync | HDMI DP 3.5mm | Height, Tilt, Swivel, Pivot (VESA)",4.6,522,https://www.amazon.com/GFT27CXB-Multi-User-Profiles-G-Sync-Ready-FreeSync/dp/B086ZYQYKH/ref=sr_1_132?dchild=1&keywords=ultrawide+monitor&qid=1621432890&sr=8-132
"MSI 32"" FHD 1500R Curvature Non-Glare Super Narrow Bezel 1ms 1920 x 1080 165Hz Refresh Rate Tilt Adjustment FreeSync Curved Gaming Monitor (Optix G32C4), Black",4.7,179,https://www.amazon.com/MSI-Curvature-Adjustment-Optix-G32C4/dp/B086VSG5TR/ref=sr_1_134?dchild=1&keywords=ultrawide+monitor&qid=1621432890&sr=8-134
"MSI 23.6"" Full HD 144Hz HDMI DP FreeSync Curved LED Gaming Monitor (Optix MAG241MVC)",4.9,70,https://www.amazon.com/MSI-FreeSync-Curved-Monitor-MAG241MVC/dp/B086PK7C5K/ref=sr_1_136?dchild=1&keywords=ultrawide+monitor&qid=1621432890&sr=8-136
"LG 27ML600M-B 27” Full HD IPS 3-Side Borderless Monitor with Dual HDMI, Black",4.7,66,https://www.amazon.com/LG-27ML600M-B-27-16-Borderless/dp/B086LM6C4V/ref=sr_1_137?dchild=1&keywords=ultrawide+monitor&qid=1621432890&sr=8-137
Lenovo L28u-30 28 Inch UHD Monitor,4.4,10,https://www.amazon.com/Lenovo-L28u-30-Inch-UHD-Monitor/dp/B085R9Q1K6/ref=sr_1_142?dchild=1&keywords=ultrawide+monitor&qid=1621432890&sr=8-142
"LG 34WL75C-B 34"" Curved UltraWide QHD IPS HDR 10 3-Side Virtually Borderless LED Monitor, 3440x1440 (Renewed)",4.7,31,https://www.amazon.com/LG-34WL75C-B-UltraWide-Virtually-Borderless/dp/B085LM41K3/ref=sr_1_143?dchild=1&keywords=ultrawide+monitor&qid=1621432890&sr=8-143
"Husky Mounts Monitor Riser Laptop Stand, Adjustable Legs, Stackable, 15.75"" x 9.25"" x 3.75"" Max Height, Bamboo and Brushed Steel, Set of 2",4.7,99,https://www.amazon.com/gp/slredirect/picassoRedirect.html/ref=pa_sp_btf_aps_sr_pg9_1?ie=UTF8&adId=A010491074N4K5Z6DAIS&url=%2FHusky-Mounts-Monitor-Adjustable-Stackable%2Fdp%2FB08BK8BV2H%2Fref%3Dsr_1_145_sspa%3Fdchild%3D1%26keywords%3Dultrawide%2Bmonitor%26qid%3D1621432890%26sr%3D8-145-spons%26psc%3D1&qualifier=1621432890&id=7917994547201053&widgetName=sp_btf
"Perlegear Dual Monitor Desk Mount for 17 to 32 Inch Screens Articulating Full Motion Arm Monitor Stand Swivel Tilt Stand with Desk C-clamp and Grommet Base, Loads up to 26lbs per arm, 75/100mm VESA",4.4,136,https://www.amazon.com/gp/slredirect/picassoRedirect.html/ref=pa_sp_btf_aps_sr_pg9_1?ie=UTF8&adId=A0436173M6C97Y23IDNR&url=%2FPerlegear-Monitor-Screens-Articulating-C-clamp%2Fdp%2FB08H599QGK%2Fref%3Dsr_1_146_sspa%3Fdchild%3D1%26keywords%3Dultrawide%2Bmonitor%26qid%3D1621432890%26sr%3D8-146-spons%26psc%3D1&qualifier=1621432890&id=7917994547201053&widgetName=sp_btf
BenQ Zowie XL2746S 27 inch 240Hz Gaming Monitor | 1080p 0.5ms | Dynamic Accuracy Plus & Black Equalizer for Competitive Edge | Height Adjustable |120Hz Compatible for PS5 and Xbox Series X,4.8,85,https://www.amazon.com/BenQ-XL2746S-Equalizer-Competitive-Adjustable/dp/B0846L4JRQ/ref=sr_1_146?dchild=1&keywords=ultrawide+monitor&qid=1621432892&sr=8-146
"AOC CU32V3 32"" Super-Curved 4K UHD monitor, 1500R Curved VA, 4ms, 121% sRGB Coverage / 90% DCI-P3, HDMI 2.0/DisplayPort, VESA, Black",4.6,431,https://www.amazon.com/AOC-CU32V3-Super-Curved-Coverage-DisplayPort/dp/B083TDZJD7/ref=sr_1_147?dchild=1&keywords=ultrawide+monitor&qid=1621432892&sr=8-147
Pawtec Flat Screen Monitor Cover Scratch Resistance Lycra Full Body Sleeve for LED LCD HD Panel (34 inch UltraWide),4.2,67,https://www.amazon.com/Pawtec-Monitor-Scratch-Resistance-UltraWide/dp/B07Y2DR84F/ref=sr_1_148?dchild=1&keywords=ultrawide+monitor&qid=1621432892&sr=8-148
"4K Portable Monitor Touchscreen, UPERFECT Gravity Sensor Automatic Rotate 15.6'' Slimmest 10-Point Touch UHD 3840x2160 Dual USB C Monitor Bracket Integrated & Frameless Bezel Glass HD Laptop Display",4.3,373,https://www.amazon.com/Touchscreen-UPERFECT-Automatic-3840x2160-Integrated/dp/B083ZFG1PF/ref=sr_1_149?dchild=1&keywords=ultrawide+monitor&qid=1621432892&sr=8-149
ViewSonic VX2785-2K-MHDU 27 Inch 1440p Frameless IPS Monitor with USB 3.2 Type C HDMI DisplayPort Inputs and FreeSync for Home and Office,4.3,194,https://www.amazon.com/ViewSonic-VX2785-2K-MHDU-Frameless-DisplayPort-FreeSync/dp/B081QQTQ5Z/ref=sr_1_150?dchild=1&keywords=ultrawide+monitor&qid=1621432892&sr=8-150
"SAMSUNG S27R650FDN, SR650 Series 27 inch IPS 1080p 75Hz Computer Monitor for Business with VGA, HDMI, DisplayPort, and USB Hub, 3-Year Warranty",4.7,381,https://www.amazon.com/Samsung-Computer-Business-DisplayPort-S27R650FDN/dp/B082X41YXM/ref=sr_1_153?dchild=1&keywords=ultrawide+monitor&qid=1621432892&sr=8-153
"LG 29WK50S-P 29"" UltraWide Full HD IPS Monitor (Renewed)",4.5,31,https://www.amazon.com/LG-29WK50S-P-UltraWide-Monitor-Renewed/dp/B081193FQC/ref=sr_1_156?dchild=1&keywords=ultrawide+monitor&qid=1621432892&sr=8-156
"MSI 24” FHD (1920 x 1080) Non-Glare with Super Narrow Bezel 144Hz 1ms 16:9 HDMI/DP AMD Radeon FreeSync IPS Gaming Monitor (OPTIX G241), Black",4.7,466,https://www.amazon.com/MSI-Non-Glare-Super-Narrow-Bezel/dp/B083K17XLH/ref=sr_1_157?dchild=1&keywords=ultrawide+monitor&qid=1621432892&sr=8-157
"ViewSonic VP2785-2K 27 Inch WQHD Monitor with USB C, 99% Adobe RGB, 96% DCI-P3, 100% Rec.709, 14-Bit 3D LUT and Color Calibration for Photography and Graphic Design",4.4,578,https://www.amazon.com/ViewSonic-VP2785-2K-Adobergb-Calibration-Photography/dp/B07VJLS3VR/ref=sr_1_159?dchild=1&keywords=ultrawide+monitor&qid=1621432892&sr=8-159
"MSI 27” WQHD (2560 x 1440) Non-glare HDR Ready 165Hz 1500R Curvature 1ms 16:9 HDMI/DP/USB AMD FreeSync Height Tilt Adjustment Curved Gaming Monitor (OPTIX MAG272CQR), Black",4.7,283,https://www.amazon.com/MSI-Non-glare-Ready-165Hz-Curvature/dp/B083L51BXC/ref=sr_1_160?dchild=1&keywords=ultrawide+monitor&qid=1621432892&sr=8-160
"UPERFECT Portable Monitor 15.6'' Computer Display [100% sRGB High Color Gamut] 1920×1080 USB C Monitor FHD Eye Care Gaming Screen IPS HDMI Type C OTG DP Dual Speakers VESA, Included Smart Cover Stand",4.5,642,https://www.amazon.com/gp/slredirect/picassoRedirect.html/ref=pa_sp_btf_aps_sr_pg10_1?ie=UTF8&adId=A01279603JSTKYJTU39J4&url=%2FUPERFECT-Portable-Computer-1920%25C3%25971080-Speakers%2Fdp%2FB08T8SGRRC%2Fref%3Dsr_1_161_sspa%3Fdchild%3D1%26keywords%3Dultrawide%2Bmonitor%26qid%3D1621432892%26sr%3D8-161-spons%26psc%3D1%26smid%3DA3DYBMM4XILBJM&qualifier=1621432892&id=6033881172089354&widgetName=sp_btf
"Creative Stage 2.1 Channel Under-Monitor Soundbar with Subwoofer for TV, Computers, and Ultrawide Monitors, Bluetooth/Optical Input/TV ARC/AUX-in, Remote Control and Wall Mounting Kit",4.1,1.006,https://www.amazon.com/gp/slredirect/picassoRedirect.html/ref=pa_sp_btf_aps_sr_pg10_1?ie=UTF8&adId=A01274161Y6BB7QV6DLVQ&url=%2FCreative-Under-Monitor-Subwoofer-Computers-Ultrawide%2Fdp%2FB07JC6YZ4K%2Fref%3Dsr_1_162_sspa%3Fdchild%3D1%26keywords%3Dultrawide%2Bmonitor%26qid%3D1621432892%26sr%3D8-162-spons%26psc%3D1%26smid%3DA286IZ33TR5AUQ&qualifier=1621432892&id=6033881172089354&widgetName=sp_btf
"MSI 24.5” FHD (1920 x 1080) Non-glare with Super Narrow Bezel 240Hz 1ms 16:9 HDMI/DP/USB Height Adjustment G-Sync Compatible IPS Gaming Monitor (OPTIX MAG251RX),Black",4.5,127,https://www.amazon.com/MSI-Non-glare-Super-Narrow-Bezel/dp/B083K13KGM/ref=sr_1_161?dchild=1&keywords=ultrawide+monitor&qid=1621432894&sr=8-161
"ASUS ROG Strix XG43VQ 43? Super Ultra-Wide Curved HDR Gaming Monitor 120Hz (3840 x 1200) 1ms FreeSync 2 HDR DisplayHDR 400 90% DCI-P3,BLACK",4.6,1.535,https://www.amazon.com/ASUS-XG43VQ-Ultra-Wide-FreeSync-DisplayHDR/dp/B082XZKQN6/ref=sr_1_164?dchild=1&keywords=ultrawide+monitor&qid=1621432894&sr=8-164
"kuman 7 Inch Monitor HD Display 1024x600 IPS Screen for Raspberry Pi 4 B 3 2B B 1 B+ A+ with HDMI VGA Input, Built in Speaker for DVD VCR Car Remote SC7J, Black (SC7J-US)",4.3,138,https://www.amazon.com/kuman-Monitor-1024x600-Raspberry-SC7J-US/dp/B081NDZ14N/ref=sr_1_165?dchild=1&keywords=ultrawide+monitor&qid=1621432894&sr=8-165
"4k Portable Monitor 15.6’’ for Laptop, EVICIV Gaming Second Monitor with Dual USB C Mini HD for Computer MacBook Pro PS4 Phone Xbox Switch, Computer External Display VESA Mount 3840 x 2160 100% sRGB",4.2,274,https://www.amazon.com/Portable-External-Computer-Freesync-Speakers/dp/B0828CXGN7/ref=sr_1_167?dchild=1&keywords=ultrawide+monitor&qid=1621432894&sr=8-167
ASUS VA27EHE 27” Eye Care Monitor Full HD (1920 x 1080) IPS 75Hz Adaptive-Sync HDMI D-Sub Frameless,4.7,4.657,https://www.amazon.com/Asus-VA27EHE-Monitor-Black-Frameless/dp/B082BYRR3L/ref=sr_1_168?dchild=1&keywords=ultrawide+monitor&qid=1621432894&sr=8-168
"Sceptre 35 Inch Curved UltraWide 21: 9 LED Creative Monitor QHD 3440x1440 Frameless AMD Freesync HDMI DisplayPort Up to 100Hz, Machine Black 2020 (C355W-3440UN)",4.6,2.193,https://www.amazon.com/Sceptre-C355W-3440UN-Super-Curved-Ultrawide/dp/B0812DKDD9/ref=sr_1_171?dchild=1&keywords=ultrawide+monitor&qid=1621432894&sr=8-171
"LG 38GL950G-B 38 Inch UltraGear Nano IPS 1ms Curved Gaming Monitor with 144HZ Refresh Rate and NVIDIA G-SYNC, Black",4.3,196,https://www.amazon.com/LG-38GL950G-B-Ultragear-Monitor-Refresh/dp/B07ZS1DZM1/ref=sr_1_175?dchild=1&keywords=ultrawide+monitor&qid=1621432894&sr=8-175
"Casaottima L Shaped Desk, 51"" Gaming Desk, Computer Desk, L Desk, Home Office Desk with Round Corner with Large Monitor Stand Workstation,Black",4.6,7.624,https://www.amazon.com/gp/slredirect/picassoRedirect.html/ref=pa_sp_btf_aps_sr_pg11_1?ie=UTF8&adId=A00749073D9ISNT3WPQ93&url=%2FShaped-Office-Computer-Monitor-Workstation%2Fdp%2FB081DWJ7KZ%2Fref%3Dsr_1_177_sspa%3Fdchild%3D1%26keywords%3Dultrawide%2Bmonitor%26qid%3D1621432894%26sr%3D8-177-spons%26psc%3D1&qualifier=1621432894&id=3968439962000830&widgetName=sp_btf
"Loctek Dual Monitor Arm - Adjustable Gas Spring Desk Mount for 10 to 27 inch VESA Compatible Screens, Full Motion Monitor Stand with C clamp and Grommet Base D5D",4.5,630,https://www.amazon.com/gp/slredirect/picassoRedirect.html/ref=pa_sp_btf_aps_sr_pg11_1?ie=UTF8&adId=A09484663UZ33N09P61BE&url=%2FLoctek-D5D-Monitor-Mounts-Monitors%2Fdp%2FB00VHN8DPI%2Fref%3Dsr_1_178_sspa%3Fdchild%3D1%26keywords%3Dultrawide%2Bmonitor%26qid%3D1621432894%26sr%3D8-178-spons%26psc%3D1%26smid%3DA1JV95TU0041V3&qualifier=1621432894&id=3968439962000830&widgetName=sp_btf
"Acer CB342CK smiiphzx 34"" UltraWide QHD (3440 x 1440) IPS Zero Frame Monitor with AMD Radeon FREESYNC Technology - HDR Ready, 1ms VRB, 75Hz Refresh, Silver",4.2,26,https://www.amazon.com/Acer-CB342CK-smiiphzx-UltraWide-Technology/dp/B07ZL57G3Z/ref=sr_1_177?dchild=1&keywords=ultrawide+monitor&qid=1621432896&sr=8-177
"AORUS FI27Q 27"" 165Hz 1440P NVIDIA G-SYNC Compatible IPS Gaming Monitor, Built-in ANC, 2k Display, 1 ms Response Time, HDR, 95% DCI-P3, 1x Display Port 1.2, 2X HDMI 2.0, 2X USB 3.0",4.5,404,https://www.amazon.com/AORUS-Frameless-Accurate-Compatible-Adjustable/dp/B07Z1F86KV/ref=sr_1_178?dchild=1&keywords=ultrawide+monitor&qid=1621432896&sr=8-178
Nixeus EDG 34” Ultrawide 3440 x 1440 AMD Radeon FreeSync Certified 144Hz 1500R Curved Gaming Monitor with Tilt Only Stand (NX-EDG34S),4.5,284,https://www.amazon.com/Nixeus-Ultrawide-FreeSync-Certified-NX-EDG34S/dp/B07ZG7R5BB/ref=sr_1_180?dchild=1&keywords=ultrawide+monitor&qid=1621432896&sr=8-180
VIOTEK NV32Q True 4K Monitor 32-Inch Curved | 60Hz 4ms (OD) Streaming-Ready 3840 x 2160p Monitor for Gaming/Movies | HDR-Ready 1500R VA Panel w/FreeSync | HDMI 2.0 DP 1.2 Audio Out (VESA),4.5,5.133,https://www.amazon.com/Monitor-32-Inch-Streaming-Ready-HDR-Ready-FreeSync/dp/B07ZJV2MQV/ref=sr_1_181?dchild=1&keywords=ultrawide+monitor&qid=1621432896&sr=8-181
"LG 34WN80C-B 34 inch 21:9 Curved UltraWide WQHD IPS Monitor with USB Type-C Connectivity sRGB 99 Percentage Color Gamut and HDR10 Compatibility, Black",4.7,2.402,https://www.amazon.com/LG-34WN80C-B-inch-Connectivity-Compatibility/dp/B07YGZ7C1K/ref=sr_1_183?dchild=1&keywords=ultrawide+monitor&qid=1621432896&sr=8-183
"LG 27GL83A-B 27 Inch Ultragear QHD IPS 1ms NVIDIA G-SYNC Compatible Gaming Monitor, Black",4.8,6.539,https://www.amazon.com/LG-27GL83A-B-Ultragear-Compatible-Monitor/dp/B07YGZL8XF/ref=sr_1_185?dchild=1&keywords=ultrawide+monitor&qid=1621432896&sr=8-185
"LG 34"" UltraWide IPS FreeSync LED Monitor 2560 x 1080 21:9 34WL600-B",4.6,194,https://www.amazon.com/LG-UltraWide-FreeSync-Monitor-2560/dp/B07YRXF62V/ref=sr_1_188?dchild=1&keywords=ultrawide+monitor&qid=1621432896&sr=8-188
"27"" HP 27fh Dual HDMI/VGA 1080p Widescreen Ultra-Slim LED IPS LCD Monitor w/AMD FreeSync",4.6,497,https://www.amazon.com/HP-Display-Ultra-Slim-Monitor-Height/dp/B07H9MPZPK/ref=sr_1_190?dchild=1&keywords=ultrawide+monitor&qid=1621432896&sr=8-190
"HP 22f FHD Monitor - 21.5-inch Full HD 1080p IPS Display - 60 Hz and AMD FreeSync - Ultra-slim Screen with Ultra-wide Viewing Angles - HDMI and VGA Ports - Ergonomic Tilt (2XN58AA#ABA, 2020)",4.5,83,https://www.amazon.com/HP-Display-Full-1920-Monitor/dp/B07D5L78TH/ref=sr_1_191?dchild=1&keywords=ultrawide+monitor&qid=1621432896&sr=8-191
"kuman 7 Inch Monitor HD Display 1024x600 IPS Screen for Raspberry Pi 4 B 3 2B B 1 B+ A+ with HDMI VGA Input, Built in Speaker for DVD VCR Car Remote SC7J, Black (SC7J-US)",4.3,138,https://www.amazon.com/gp/slredirect/picassoRedirect.html/ref=pa_sp_btf_aps_sr_pg12_1?ie=UTF8&adId=A05019101Y3PQ28XHA9P6&url=%2Fkuman-Monitor-1024x600-Raspberry-SC7J-US%2Fdp%2FB081NDZ14N%2Fref%3Dsr_1_193_sspa%3Fdchild%3D1%26keywords%3Dultrawide%2Bmonitor%26qid%3D1621432896%26sr%3D8-193-spons%26psc%3D1&qualifier=1621432896&id=8408011426043398&widgetName=sp_btf
Nixplay Signage Player - Digital Signage TV Media Player. Turn Any HDMI Enabled Monitor into a Digital Signage Display,4.2,25,https://www.amazon.com/gp/slredirect/picassoRedirect.html/ref=pa_sp_btf_aps_sr_pg12_1?ie=UTF8&adId=A07398463KTQT1QICCYSH&url=%2FNixplay-Signage-Player-Digital-Player%2Fdp%2FB074ZFCGRK%2Fref%3Dsr_1_194_sspa%3Fdchild%3D1%26keywords%3Dultrawide%2Bmonitor%26qid%3D1621432896%26sr%3D8-194-spons%26psc%3D1%26smid%3DADZUJ766977TP&qualifier=1621432896&id=8408011426043398&widgetName=sp_btf
"AOC 27B2H 27"" Full HD IPS Monitor, 3-Sided Frameless & Ultra Slim Design, HDMI and VGA inputs, Lowblue Mode, VESA compatible,Black",4.7,2.259,https://www.amazon.com/AOC-27B2H-Monitor-Frameless-Compatible/dp/B07WVNBY1G/ref=sr_1_193?dchild=1&keywords=ultrawide+monitor&qid=1621432898&sr=8-193
"Sceptre Curved 30"" 21:9 Gaming LED Monitor 2560x1080p UltraWide Ultra Slim HDMI DisplayPort Up to 85Hz MPRT 1ms FPS-RTS Build-in Speakers, Machine Black (C305W-2560UN)",4.6,2.24,https://www.amazon.com/Sceptre-C305W-2560UN-30-inch-DisplayPort-Build/dp/B07XZNXWGS/ref=sr_1_197?dchild=1&keywords=ultrawide+monitor&qid=1621432898&sr=8-197
"LG 27MD5KL-B Ultrafine 27"" IPS LCD 5K UHD Monitor (Renewed)",4.2,75,https://www.amazon.com/LG-27MD5KL-B-Ultrafine-Monitor-Renewed/dp/B07XVLVD22/ref=sr_1_198?dchild=1&keywords=ultrawide+monitor&qid=1621432898&sr=8-198
"Asus VG278QR 27” Gaming Monitor, 1080P Full HD, 165Hz (Supports 144Hz), G-SYNC Compatible, 0.5ms, Extreme Low Motion Blur, Eye Care, DisplayPort HDMI DVI",4.7,4.755,https://www.amazon.com/ASUS-VG278QR-Supports-Compatible-DisplayPort/dp/B07XV1519W/ref=sr_1_199?dchild=1&keywords=ultrawide+monitor&qid=1621432898&sr=8-199
"HP 27-Inch FHD Monitor with 1080P Display (Black 5JB79AA), HP 27fh",4.7,131,https://www.amazon.com/HP-27-Inch-Monitor-Display-5JB79AA/dp/B07HHB4V52/ref=sr_1_201?dchild=1&keywords=ultrawide+monitor&qid=1621432898&sr=8-201
"ASUS VP348QGL 34” Ultra-Wide Freesync HDR Gaming Monitor 75Hz 1440P Eye Care DisplayPort HDMI,Black",4.6,662,https://www.amazon.com/VP348QGL-Ultra-Wide-Freesync-Monitor-DisplayPort/dp/B07WYC3FY4/ref=sr_1_202?dchild=1&keywords=ultrawide+monitor&qid=1621432898&sr=8-202
"Deco Gear 35"" Curved Ultrawide E-LED Gaming Monitor, 21:9 Aspect Ratio, Immersive 3440x1440 Resolution, 100Hz Refresh Rate, 3000:1 Contrast Ratio (DGVIEW201)",4.6,128,https://www.amazon.com/Deco-Gear-Curved-Ultrawide-Monitor/dp/B07WG3Z6W1/ref=sr_1_205?dchild=1&keywords=ultrawide+monitor&qid=1621432898&sr=8-205
"ASUS TUF Gaming 27"" 2K HDR Gaming Monitor (VG27AQ) - WQHD (2560 x 1440), 165Hz (Supports 144Hz), 1ms, Extreme Low Motion Blur, Speaker, G-SYNC Compatible, VESA Mountable, DisplayPort, HDMI",4.7,1.7,https://www.amazon.com/ASUS-Gaming-VG27AQ-G-SYNC-Monitor/dp/B07WQ4FXY9/ref=sr_1_206?dchild=1&keywords=ultrawide+monitor&qid=1621432898&sr=8-206
AC Adapter Power Supply for LG 32UD99-W 32-inch 4K UHD IPS LED Monitor 32UD99,,,https://www.amazon.com/Adapter-Supply-32UD99-W-32-inch-Monitor/dp/B07WHJ62DL/ref=sr_1_207?dchild=1&keywords=ultrawide+monitor&qid=1621432898&sr=8-207
"Wood Dual Monitor Stand Riser with Adjustable Length Multi Media Speaker TV PC Laptop Computer Screen Stand Riser Desktop Stand Storage Organizer for iMac,Printer,Notebook,Xbox One,Black",4.5,954,https://www.amazon.com/gp/slredirect/picassoRedirect.html/ref=pa_sp_btf_aps_sr_pg13_1?ie=UTF8&adId=A1035952MQSZQYRAMNKZ&url=%2FMonitor-Adjustable-Computer-Organizer-Notebook%2Fdp%2FB077X72BD2%2Fref%3Dsr_1_209_sspa%3Fdchild%3D1%26keywords%3Dultrawide%2Bmonitor%26qid%3D1621432898%26sr%3D8-209-spons%26psc%3D1&qualifier=1621432898&id=5413540719141686&widgetName=sp_btf
"USB Camera Full HD 1080P USB Webcam Mini Camera,2MP High Frame Rate@100fps USB with Cameras,Wide Angle 180 Degree Fisheye Lens Camera USB,OV2710,Plug&Play,USB Cameras with UVC for Windows,Android,Mac",5.0,1,https://www.amazon.com/gp/slredirect/picassoRedirect.html/ref=pa_sp_btf_aps_sr_pg13_1?ie=UTF8&adId=A08591833NCXVJVPRRPF8&url=%2FCamera-Cameras-Fisheye-Windows-Android%2Fdp%2FB089LXY453%2Fref%3Dsr_1_210_sspa%3Fdchild%3D1%26keywords%3Dultrawide%2Bmonitor%26qid%3D1621432898%26sr%3D8-210-spons%26psc%3D1&qualifier=1621432898&id=5413540719141686&widgetName=sp_btf
"ASUS ZenScreen 15.6"" 1080P Portable Touch Monitor (MB16AMT) - Full HD, IPS, 10-point Touch, Built-in Battery, Foldable Smart Case, USB-C Power Delivery, Micro HDMI, For Laptop, PC, Phone, Console",4.4,2.085,https://www.amazon.com/Zenscreen-MB16AMT-Portable-Non-Glare-Speakers/dp/B07WC2NL2G/ref=sr_1_209?dchild=1&keywords=ultrawide+monitor&qid=1621432901&sr=8-209
"ViewSonic VX3276-4K-MHD 32 Inch Frameless 4K UHD Monitor with HDR10 HDMI and DisplayPort for Home and Office,Gray",4.7,4.971,https://www.amazon.com/ViewSonic-VX3276-4K-MHD-Frameless-Monitor-DisplayPort/dp/B07SRDX1Z1/ref=sr_1_211?dchild=1&keywords=ultrawide+monitor&qid=1621432901&sr=8-211
"Asus Rog Swift PG35VQ 35” Curved HDR Gaming Monitor 200Hz (3440 X 1440) 2ms G-Sync Ultimate Eye Care DisplayPort HDMI USB Aura Sync HDR10 Display HDR 1000,Black",4.4,165,https://www.amazon.com/PG35VQ-Monitor-Ultimate-DisplayPort-Display/dp/B07VTTZ4TD/ref=sr_1_212?dchild=1&keywords=ultrawide+monitor&qid=1621432901&sr=8-212
"MSI Non-Glare Ultra Wide 21: 9 Aspect ratio 3440 X 1440 (Uwqhd) 144Hz Refresh Rate 1ms HDR 400 3K Resolution 34"" Freesync Curved Gaming Monitor (OPTIX MPG341CQR),Black",4.5,284,https://www.amazon.com/MSI-Non-Glare-Ultra-Wide-Resolution/dp/B07V4H1FLF/ref=sr_1_213?dchild=1&keywords=ultrawide+monitor&qid=1621432901&sr=8-213
LG 32UD59-B 32-inch 4K UHD LED Monitor 3840 x 2160 16:9 Bundle with Deco Gear Large Extended Pro Gaming Mouse Pad Water Resistant Non-Slip (12-inch x 32-inch),5.0,12,https://www.amazon.com/LG-32UD59-B-32-inch-Monitor-3840/dp/B07TVNF5WW/ref=sr_1_215?dchild=1&keywords=ultrawide+monitor&qid=1621432901&sr=8-215
Portable Monitor - Lepow 15.6 Inch Full HD 1080P USB Type-C Computer Display IPS Eye Care Screen with HDMI Type C Speakers for Laptop PC PS4 Xbox Phone Included Smart Cover & Screen Protector Black,4.4,8.779,https://www.amazon.com/Portable-Monitor-Computer-Speakers-Protector/dp/B07V1SQ966/ref=sr_1_216?dchild=1&keywords=ultrawide+monitor&qid=1621432901&sr=8-216
"ViewSonic 32"" 1080p Frameless IPS Monitor with Screen Split Capability HDMI and DisplayPort (VX3276-MHD) & AmazonBasics High-Speed 4K HDMI Cable, 6 Feet, 1-Pack",4.5,2,https://www.amazon.com/ViewSonic-Capability-DisplayPort-VX3276-MHD-AmazonBasics/dp/B07TT6BRX7/ref=sr_1_221?dchild=1&keywords=ultrawide+monitor&qid=1621432901&sr=8-221
"HP Pavilion 27-inch FHD IPS Monitor with LED Backlight (27xw, Snow White and Natural Silver) & AmazonBasics High-Speed 4K HDMI Cable, 6 Feet, 1-Pack",5.0,1,https://www.amazon.com/HP-Pavilion-Backlight-AmazonBasics-High-Speed/dp/B07TXDGRFQ/ref=sr_1_222?dchild=1&keywords=ultrawide+monitor&qid=1621432901&sr=8-222
"ASUS 24"" 1080P Gaming Monitor (VG248QG) - Full HD, 165Hz (Supports 144Hz), 0.5ms, Extreme Low Motion Blur, Speaker, Adaptive-Sync, G-SYNC Compatible, VESA Mountable, DisplayPort, HDMI, DVI-D , Black",4.8,2.854,https://www.amazon.com/VG248QG-G-Sync-Compatible-Gaming-Monitor/dp/B07TNM8L6S/ref=sr_1_224?dchild=1&keywords=ultrawide+monitor&qid=1621432901&sr=8-224
"C-FORCE 4K Computer Monitor，15.6"" IPS UHD 3840x2160 Screen 60Hz with USB-C RadomPlug Monitor[99% sRGB Wide Color Gamut] for Xbox, Playstation, Nintendo Switch, Mac, S20",4.7,7,https://www.amazon.com/gp/slredirect/picassoRedirect.html/ref=pa_sp_btf_aps_sr_pg14_1?ie=UTF8&adId=A04452731KAO7NMCWNUHQ&url=%2FComputer-Monitor%25EF%25BC%258C15-6-3840x2160-RadomPlug-Playstation%2Fdp%2FB08TH8BGN2%2Fref%3Dsr_1_225_sspa%3Fdchild%3D1%26keywords%3Dultrawide%2Bmonitor%26qid%3D1621432901%26sr%3D8-225-spons%26psc%3D1%26smid%3DA3773XE8KMETR1&qualifier=1621432901&id=2860098829562151&widgetName=sp_btf
"WALI Dual Fully Adjustable Arm for WALI Monitor Mounting System (002ARM), Black",4.7,772,https://www.amazon.com/gp/slredirect/picassoRedirect.html/ref=pa_sp_btf_aps_sr_pg14_1?ie=UTF8&adId=A08255631WHW09JIXN3V4&url=%2FWALI-Adjustable-Monitor-Mounting-002ARM%2Fdp%2FB07BHY3CNM%2Fref%3Dsr_1_226_sspa%3Fdchild%3D1%26keywords%3Dultrawide%2Bmonitor%26qid%3D1621432901%26sr%3D8-226-spons%26psc%3D1&qualifier=1621432901&id=2860098829562151&widgetName=sp_btf
"LG 27GL850-B 27 Inch Ultragear QHD Nano IPS 1ms NVIDIA G-Sync Compatible Gaming Monitor, Black",4.7,2.089,https://www.amazon.com/LG-27GL850-B-Ultragear-Compatible-Monitor/dp/B07TD94TQF/ref=sr_1_225?dchild=1&keywords=ultrawide+monitor&qid=1621432903&sr=8-225
"Acer KB272HL bix 27"" Full HD (1920 x 1080) Acer Vision Care VA Monitor with Flicker-less, Blue Light Filter and AMD FREESYNC Technology (HDMI & VGA Port),Black",4.7,1.817,https://www.amazon.com/Acer-KB272HL-bix-VisionCare-Flicker-Less/dp/B07QPBXVBQ/ref=sr_1_226?dchild=1&keywords=ultrawide+monitor&qid=1621432903&sr=8-226
"UPERFECT Truely 4K Computer Monitor, 15.6"" IPS UHD 3840X2160 USB C Monitor[100% sRGB Wide Color Gamut], HDR FreeSync Speaker Type-C HDMI OTG VESA Portable Monitor for Laptop PC Phone, Stand Smart Case",4.3,402,https://www.amazon.com/UPERFECT-Computer-Portable-Monitors-Raspberry/dp/B07R7QH787/ref=sr_1_229?dchild=1&keywords=ultrawide+monitor&qid=1621432903&sr=8-229
V323-3 32” LED LCD Public Display Monitor 1920x1080 (FHD)  Slim Depth,,,https://www.amazon.com/V323-3-Public-Display-Monitor-1920x1080/dp/B07RFV3B3R/ref=sr_1_230?dchild=1&keywords=ultrawide+monitor&qid=1621432903&sr=8-230
LG 27GL650F-B 27 Inch Full HD Ultragear G-Sync Compatible Gaming Monitor with 144Hz Refresh Rate and HDR 10 - Black,4.7,1.339,https://www.amazon.com/LG-27GL650F-B-Ultragear-Compatible-Monitor/dp/B07R7636MH/ref=sr_1_233?dchild=1&keywords=ultrawide+monitor&qid=1621432903&sr=8-233
"MSI Full HD FreeSync Gaming Monitor 24"" Curved Non-Glare 1ms LED Wide Screen 1920 X 1080 75Hz Refresh Rate (Optix G241VC)",4.7,589,https://www.amazon.com/MSI-FreeSync-Non-Glare-Optix-G241VC/dp/B07QR7KTG2/ref=sr_1_234?dchild=1&keywords=ultrawide+monitor&qid=1621432903&sr=8-234
"LG 32BL75U-W 32"" LED LCD Monitor - 16: 9-3840 x 2160-4K UHD - Speakers - HDMI - DisplayPort - White - Epeat Gold,Black",4.5,14,https://www.amazon.com/LG-32BL75U-W-LED-LCD-Monitor/dp/B07NP7Y6ZV/ref=sr_1_238?dchild=1&keywords=ultrawide+monitor&qid=1621432903&sr=8-238
"Monoprice 27in CrystalPro Monitor - 4K UHD, 2560x1440p, 60Hz, DisplayHDR 400, Height Adjustable Stand, IPS - Home, Office, Business, Student Use",3.7,10,https://www.amazon.com/Monoprice-Inch-Crystalpro-IPS-Monitor/dp/B07PGJVH21/ref=sr_1_239?dchild=1&keywords=ultrawide+monitor&qid=1621432903&sr=8-239
"Monoprice 27in CrystalPro Monitor - 2560x1440p (WQHD) 60Hz,HDR,IPS - Ideal for Home, Office, Business, Student Use",3.2,8,https://www.amazon.com/Monoprice-Inch-Crystalpro-IPS-Monitor/dp/B07PGL2X4Z/ref=sr_1_240?dchild=1&keywords=ultrawide+monitor&qid=1621432903&sr=8-240
"LG 32UN550-W 32-Inch UHD (3840 x 2160) VA Monitor with HDR 10, AMD FreeSync and Itle/Height Adjustable Stand (31.5"" Diagonal), Silver",4.4,267,https://www.amazon.com/gp/slredirect/picassoRedirect.html/ref=pa_sp_btf_aps_sr_pg15_1?ie=UTF8&adId=A0618201K77O7VX0I83T&url=%2FLG-32UN550-W-FreeSync-Adjustable-Diagonal%2Fdp%2FB08MV7B7WF%2Fref%3Dsr_1_241_sspa%3Fdchild%3D1%26keywords%3Dultrawide%2Bmonitor%26qid%3D1621432903%26sr%3D8-241-spons%26psc%3D1&qualifier=1621432903&id=4278092051418897&widgetName=sp_btf
"LG 32QN600-B 32-Inch QHD (2560 x 1440) IPS Monitor with HDR 10, AMD FreeSync with Dual HDMI Inputs, Black",4.7,1.617,https://www.amazon.com/gp/slredirect/picassoRedirect.html/ref=pa_sp_btf_aps_sr_pg15_1?ie=UTF8&adId=A00148341G34MY7LTAWCS&url=%2FLG-32QN600-B-32-Inch-Monitor-FreeSync%2Fdp%2FB088YN9LBK%2Fref%3Dsr_1_242_sspa%3Fdchild%3D1%26keywords%3Dultrawide%2Bmonitor%26qid%3D1621432903%26sr%3D8-242-spons%26psc%3D1&qualifier=1621432903&id=4278092051418897&widgetName=sp_btf
"LG 27UL500-W 27-Inch UHD (3840 x 2160) IPS Monitor with Radeon Freesync Technology and HDR10, White",4.7,1.651,https://www.amazon.com/LG-27UL500-W-27-Inch-Freesync-Technology/dp/B07PGL2WVS/ref=sr_1_242?dchild=1&keywords=ultrawide+monitor&qid=1621432905&sr=8-242
"NEC EA241F-H-BK 24 Full HD Business-Class Widescreen Desktop Monitor with Ultra-Narrow Bezel, NO S",,,https://www.amazon.com/NEC-EA241F-H-BK-Business-Class-Widescreen-Ultra-Narrow/dp/B07NQQYT82/ref=sr_1_244?dchild=1&keywords=ultrawide+monitor&qid=1621432905&sr=8-244
NEC EA231WU-BK 23 WUXGA Business-Class Widescreen Desktop Monitor with Ultra-Narrow Bezel,,More Buying Choices,https://www.amazon.com/NEC-EA231WU-BK-Business-Class-Widescreen-Ultra-Narrow/dp/B07NQPKCCT/ref=sr_1_247?dchild=1&keywords=ultrawide+monitor&qid=1621432905&sr=8-247
LG 32UL750-W 32 Inch 4K UHD LED Monitor with Vesa Display HDR 600 - Silver,3.9,252,https://www.amazon.com/LG-32UL750-W-Monitor-Display-Silver/dp/B07NS7JKJH/ref=sr_1_248?dchild=1&keywords=ultrawide+monitor&qid=1621432905&sr=8-248
"Deco Gear 35"" Curved Ultrawide LED Gaming Monitor 21:9 Aspect Ratio, Crisp 2560 x 1080 Resolution, 16.7 Million Colors, 75 HZ Refresh Rate, 2000:1 Contrast Ratio, (HDMI, DVI, and DP Connections)",4.7,324,https://www.amazon.com/Deco-Gear-Curved-Ultrawide-Monitor/dp/B07NPT78C6/ref=sr_1_250?dchild=1&keywords=ultrawide+monitor&qid=1621432905&sr=8-250
"Sceptre Curved 27"" 75Hz LED Monitor HDMI VGA Build-In Speakers, EDGE-LESS Metal Black 2019 (C275W-1920RN)",4.7,8.328,https://www.amazon.com/Sceptre-Monitor-Speakers-Edge-Less-C275W-1920RN/dp/B07MTRQ6B3/ref=sr_1_253?dchild=1&keywords=ultrawide+monitor&qid=1621432905&sr=8-253
"AOC U2790VQ 27"" 4K 3840x2160 UHD Frameless Monitor, IPS, 5ms, 1 Billion+ Colors, 108% sRGB, VESA",4.4,1.144,https://www.amazon.com/AOC-U2790VQ-3840x2160-Frameless-DisplayPort/dp/B07LBM2DCC/ref=sr_1_254?dchild=1&keywords=ultrawide+monitor&qid=1621432905&sr=8-254
"Premium PC Monitor & Laptop Stand with Sturdy, Stable Black Metal Construction. Fashionable Riser is Height Adjustable with Non-Skid Rubber. Perfect for Computer Monitor, iMac Stand, or Computer Shelf",4.7,1.302,https://www.amazon.com/gp/slredirect/picassoRedirect.html/ref=pa_sp_btf_aps_sr_pg16_1?ie=UTF8&adId=A10311201ZWBK7E53UQ0L&url=%2FConstruction-Fashionable-Adjustable-Non-Skid-Computer%2Fdp%2FB075BRNDTR%2Fref%3Dsr_1_257_sspa%3Fdchild%3D1%26keywords%3Dultrawide%2Bmonitor%26qid%3D1621432905%26sr%3D8-257-spons%26psc%3D1&qualifier=1621432905&id=6003109211014855&widgetName=sp_btf
"Usb Camera Full HD USB Webcam Mini Camera,2MP H.264 1080P@30fps Usb with Camera,Wide Angle 100 Degree No-Distortion Camera USB,AR0330,Plug&Play,Usb Camera with UVC for Windows,Android,Mac,Raspberry Pi",,,https://www.amazon.com/gp/slredirect/picassoRedirect.html/ref=pa_sp_btf_aps_sr_pg16_1?ie=UTF8&adId=A03228913GCHINU664A26&url=%2F100-No-Distortion-Windows-Android-Raspberry%2Fdp%2FB089R4RM9H%2Fref%3Dsr_1_258_sspa%3Fdchild%3D1%26keywords%3Dultrawide%2Bmonitor%26qid%3D1621432905%26sr%3D8-258-spons%26psc%3D1&qualifier=1621432905&id=6003109211014855&widgetName=sp_btf
"LG 27UL650-W 27 Inch 4K UHD LED Monitor with VESA DisplayHDR 400, White",4.6,706,https://www.amazon.com/LG-27UL650-W-Monitor-DisplayHDR-White/dp/B07MKT2BNB/ref=sr_1_257?dchild=1&keywords=ultrawide+monitor&qid=1621432907&sr=8-257
"Acer SB230 Bbix 23"" Full HD (1920 x 1080) IPS Ultra-Thin Zero Frame Monitor with AMD Radeon FREESYNC Technology - 1ms | 75Hz Refresh (HDMI & VGA ports), Black",4.7,1.931,https://www.amazon.com/Acer-SB230-Bbix-Ultra-Thin-Technology/dp/B07KQV19LH/ref=sr_1_259?dchild=1&keywords=ultrawide+monitor&qid=1621432907&sr=8-259
"Sceptre 24"" Curved 75Hz Gaming LED Monitor Full HD 1080P HDMI VGA Speakers, VESA Wall Mount Ready Metal Black 2019 (C248W-1920RN)",4.6,14.034,https://www.amazon.com/Sceptre-Curved-Monitor-Speakers-C248W-1920RN/dp/B07KXSR99Y/ref=sr_1_262?dchild=1&keywords=ultrawide+monitor&qid=1621432907&sr=8-262
"ASUS VG279Q 27"" Full HD 1080p IPS 144Hz 1ms (MPRT) DP HDMI DVI Eye Care Gaming Monitor with FreeSync/Adaptive Sync",4.7,1.007,https://www.amazon.com/ASUS-VG279Q-Monitor-FreeSync-Adaptive/dp/B07KXHTRT5/ref=sr_1_264?dchild=1&keywords=ultrawide+monitor&qid=1621432907&sr=8-264
"LG Electronics 38"" Screen LCD Monitor (38CK950N-1C),Black",3.0,1,https://www.amazon.com/LG-Electronics-Screen-Monitor-38CK950N-1C/dp/B07JPGKHKT/ref=sr_1_265?dchild=1&keywords=ultrawide+monitor&qid=1621432907&sr=8-265
"HP Newest 27"" Widescreen IPS LED Full HD (1920x1080) Monitor, 5ms Response Time, 10,000,000:1 Contrast Ratio, FreeSync, 2X HDMI and 1x VGA Input, 178° View Angle, 75Hz Refresh Rate, Natural Silver",4.6,623,https://www.amazon.com/HP-Widescreen-1920x1080-Monitor-Response/dp/B07K4QDNVX/ref=sr_1_269?dchild=1&keywords=ultrawide+monitor&qid=1621432907&sr=8-269
"LG 34BK95U-W UltraFine 34"" 21:9 5K 2K (5120 x 2160) Nano IPS LED UltraWide Monitor, 600 cd/m² HDR, Thunderbolt 3 / USB Type-C Inputs Black",4.3,110,https://www.amazon.com/LG-34BK95U-W-UltraFine-UltraWide-Thunderbolt/dp/B07JP1QK9T/ref=sr_1_271?dchild=1&keywords=ultrawide+monitor&qid=1621432907&sr=8-271
"Taotuo 4K Portable Monitor,Taotuo 15.6 Inch IPS UHD Gaming Monitor with Dual USB C/Mini HDMI/HDR FreeSync Speaker/OTG/VESA for Laptop/PC/Phone/MAC",,,https://www.amazon.com/gp/slredirect/picassoRedirect.html/ref=pa_sp_btf_aps_sr_pg17_1?ie=UTF8&adId=A0334602IA41U7DKJM18&url=%2FTaotuo-Portable-Monitor-FreeSync-Speaker%2Fdp%2FB091GFJJ4W%2Fref%3Dsr_1_273_sspa%3Fdchild%3D1%26keywords%3Dultrawide%2Bmonitor%26qid%3D1621432907%26sr%3D8-273-spons%26psc%3D1&qualifier=1621432907&id=4848723989106904&widgetName=sp_btf
"Cooler Master 27 Inch 16:9 Curved PC Gaming Monitor, Ultrawide Frameless Led Full HD 1080P Curve Screen 1500R VA Panel, HDMI 165Hz Built-in Speakers VESA Mounting Tilt & Swivel Adjustment AMD FreeSync",4.6,108,https://www.amazon.com/gp/slredirect/picassoRedirect.html/ref=pa_sp_btf_aps_sr_pg17_1?ie=UTF8&adId=A036183015LC1DU5IOYYX&url=%2FCooler-Master-Frameless-Monitor-1920x1080%2Fdp%2FB084ZLYJ7F%2Fref%3Dsr_1_274_sspa%3Fdchild%3D1%26keywords%3Dultrawide%2Bmonitor%26qid%3D1621432907%26sr%3D8-274-spons%26psc%3D1&qualifier=1621432907&id=4848723989106904&widgetName=sp_btf
ViewSonic VX2458-MHD 24 Inch 1080p 1ms 144 Hz Gaming Monitor with FreeSync Premium Flicker-Free and Blue Light Filter HDMI and DP,4.6,1.192,https://www.amazon.com/ViewSonic-VX2458-MHD-Monitor-FreeSync-Flicker-Free/dp/B07JK6XMSN/ref=sr_1_275?dchild=1&keywords=ultrawide+monitor&qid=1621432910&sr=8-275
"Monoprice 32 Inch QHD Gaming Monitor | with AMD FreeSync Technology, HDR 2560x1440p @ 60Hz, Versatile Inputs, HDMI, DisplayPort & DVI-D, Vessa Compatible",3.0,16,https://www.amazon.com/Monoprice-Technology-2560x1440p-DisplayPort-Compatible/dp/B07JWCJT32/ref=sr_1_276?dchild=1&keywords=ultrawide+monitor&qid=1621432910&sr=8-276
"SAMSUNG 34-Inch SJ55W Ultrawide Gaming Monitor (LS34J550WQNXZA) – 75Hz Refresh, WQHD Computer Monitor, 3440 x 1440p Resolution, 4ms Response, FreeSync, Split Screen, HDMI, Black",4.5,603,https://www.amazon.com/Samsung-S34J55W-34-Inch-Ultrawide-LS34J550WQNXZA/dp/B07FBS36W2/ref=sr_1_277?dchild=1&keywords=ultrawide+monitor&qid=1621432910&sr=8-277
"AOC CQ32G1 31.5"" Curved Frameless Gaming Monitor, Quad HD 2560x1440, VA panel, 4 ms Response Time, MPRT, 144Hz, FreeSync, DisplayPort/HDMI/VGA, VESA, Black",4.6,951,https://www.amazon.com/AOC-CQ32G1-Frameless-2560x1440-DisplayPort/dp/B07HKM16DT/ref=sr_1_278?dchild=1&keywords=ultrawide+monitor&qid=1621432910&sr=8-278
"MSI Non-Glare Ultrawide 21: 9 Screen 8ms 3440 X 1440 100Hz Freesync 3K Resolution 34"" Curved Gaming Monitor (Optix MAG341CQ)",4.4,481,https://www.amazon.com/MSI-Non-Glare-UltraWide-21-Resolution/dp/B07G5FCR6X/ref=sr_1_279?dchild=1&keywords=ultrawide+monitor&qid=1621432910&sr=8-279
"Dell SE2419Hx 24"" IPS Full HD (1920x1080) Monitor, Black",4.7,6.478,https://www.amazon.com/Dell-SE2419Hx-23-8-1920x1080-Monitor/dp/B07HKV5RLG/ref=sr_1_282?dchild=1&keywords=ultrawide+monitor&qid=1621432910&sr=8-282
"Dell U3419w Ultrasharp 34-Inch WQHD (3440x1440) Curved IPS USB-C Monitor, Black",4.5,296,https://www.amazon.com/Dell-U3419w-Ultrasharp-34-Inch-3440x1440/dp/B07HB3ZX9F/ref=sr_1_284?dchild=1&keywords=ultrawide+monitor&qid=1621432910&sr=8-284
"AOC C24G1 24"" Curved Frameless Gaming Monitor, FHD 1080p, 1500R VA panel, 1ms 144Hz, FreeSync, Height adjustable, VESA, 3-Year Zero Dead Pixels Black",4.7,7.67,https://www.amazon.com/AOC-C24G1-Frameless-DisplayPort-Adjustable/dp/B07GD7H18F/ref=sr_1_285?dchild=1&keywords=ultrawide+monitor&qid=1621432910&sr=8-285
Docooler Onebot LED Curved Gaming Monitor DVI HDMI Ports & DisplayPort 1800R immersive Curvature,,,https://www.amazon.com/Docooler-Monitor-DisplayPort-immersive-Curvature/dp/B07DXQSB8G/ref=sr_1_287?dchild=1&keywords=ultrawide+monitor&qid=1621432910&sr=8-287
"AOC C27G1 27"" Curved Frameless Gaming Monitor FHD 1080p, 1800R VA panel, 1ms 144Hz, FreeSync, DP/HDMI/VGA, Height adjustable, VESA, 3-Year Zero Dead Pixels,Black",4.7,968,https://www.amazon.com/AOC-C27G1-Frameless-DisplayPort-Adjustable/dp/B07GD5XG5G/ref=sr_1_288?dchild=1&keywords=ultrawide+monitor&qid=1621432910&sr=8-288
"UPERFECT True 4K Portable Monitor, 15.6'' UHD IPS 3840x2160 USB C Monitor Unique Arch Metal Frame,100% sRGB 400 Nits Brightness, HDR FreeSync Speaker HDMI Type-C OTG VESA Computer Monitor w/Smart Case",4.4,277,https://www.amazon.com/gp/slredirect/picassoRedirect.html/ref=pa_sp_btf_aps_sr_pg18_1?ie=UTF8&adId=A03820101800YWWYXP8SX&url=%2FUPERFECT-Portable-3840x2160-Brightness-FreeSync%2Fdp%2FB08NSW5F8V%2Fref%3Dsr_1_289_sspa%3Fdchild%3D1%26keywords%3Dultrawide%2Bmonitor%26qid%3D1621432910%26sr%3D8-289-spons%26psc%3D1%26smid%3DA1KPMVH6IS26V&qualifier=1621432910&id=3123799541462933&widgetName=sp_btf
"2MP Full HD USB Webcam Mini Camera High Frame Rate 640X480@100fps Usb Camera Module,High Speed 1080P 30FPS Usb with Cameras,Cmos OV2710,Plug&Play,Free Driver,Usb Camera Module for Windows,Mac,Android",4.2,12,https://www.amazon.com/gp/slredirect/picassoRedirect.html/ref=pa_sp_btf_aps_sr_pg18_1?ie=UTF8&adId=A0302807BWFYAYRX01WI&url=%2Fusb-Security-Webcamera-Surveillance-MJPEG100fps%2Fdp%2FB07MDZLXSK%2Fref%3Dsr_1_290_sspa%3Fdchild%3D1%26keywords%3Dultrawide%2Bmonitor%26qid%3D1621432910%26sr%3D8-290-spons%26psc%3D1&qualifier=1621432910&id=3123799541462933&widgetName=sp_btf
"ViewSonic VP2768-4K PRO Professional 27 Inch 4K Monitor with 100% sRGB Rec709 14-bit 3D LUT Color Calibration for Photography and Graphic Design, Black",4.5,971,https://www.amazon.com/ViewSonic-VP2768-4K-Professional-Calibration-Photography/dp/B07FDMGBQ1/ref=sr_1_290?dchild=1&keywords=ultrawide+monitor&qid=1621432912&sr=8-290
ViewSonic VX3211-4K-MHD 32 Inch 4K UHD Monitor with 99% sRGB Color Coverage HDR10 FreeSync HDMI and DisplayPort,4.5,1.173,https://www.amazon.com/ViewSonic-VX3211-4K-MHD-Widescreen-Coverage-DisplayPort/dp/B07F733RYH/ref=sr_1_294?dchild=1&keywords=ultrawide+monitor&qid=1621432912&sr=8-294
27” Business-Class Widescreen Desktop Monitor w/Ultra-Narrow Bezel and IPS Panel,,,https://www.amazon.com/MULTISYNC-EA271F-BK-27IN-BACKLIT-3SIDED/dp/B07FW4P3WV/ref=sr_1_295?dchild=1&keywords=ultrawide+monitor&qid=1621432912&sr=8-295
"Acer SB220Q bi 21.5 Inches Full HD (1920 x 1080) IPS Ultra-Thin Zero Frame Monitor (HDMI & VGA Port), Black",4.7,41.002,https://www.amazon.com/Acer-SB220Q-Ultra-Thin-Frame-Monitor/dp/B07CVL2D2S/ref=sr_1_297?dchild=1&keywords=ultrawide+monitor&qid=1621432912&sr=8-297
"Dell P2419H 24 Inch LED-Backlit, Anti-Glare, 3H Hard Coating IPS Monitor - (8 ms Response, FHD 1920 x 1080 at 60Hz, 1000:1 Contrast, with ComfortView DisplayPort, VGA, HDMI and USB), Black",4.7,5.253,https://www.amazon.com/Dell-Screen-LED-Lit-Monitor-P2419H/dp/B07F8XZN69/ref=sr_1_299?dchild=1&keywords=ultrawide+monitor&qid=1621432912&sr=8-299
"Samsung 27"" Curved Monitor - Model #LC27F391FHNXZA",4.4,60,https://www.amazon.com/Samsung-27-Curved-Monitor-LC27F391FHNXZA/dp/B07F7L4X8T/ref=sr_1_300?dchild=1&keywords=ultrawide+monitor&qid=1621432912&sr=8-300
"Acer ED323QUR Abidpx 31.5 Inches WQHD (2560 x 1440) Curved 1800R VA Gaming Monitor with AMD Radeon FREESYNC Technology - 4ms; 144Hz Refresh Rate; Display Port, HDMI Port & DVI Port, Black",4.4,941,https://www.amazon.com/Acer-ED323QUR-Abidpx-FREESYNC-Technology/dp/B07DR5PG8S/ref=sr_1_301?dchild=1&keywords=ultrawide+monitor&qid=1621432912&sr=8-301
"BenQ EX3203R 32 inch 144Hz Curved Gaming Monitor | WQHD (2560 x 1440) | FreeSync 2 | DisplayHDR 400 (31.5"" Display)",4.5,306,https://www.amazon.com/BenQ-EX3203R-Monitor-FreeSync-DisplayHDR/dp/B07DPVRZXG/ref=sr_1_302?dchild=1&keywords=ultrawide+monitor&qid=1621432912&sr=8-302
"SAMSUNG 32 inch UJ59 4k monitor (LU32J590UQNXZA) - UHD, 3840 x 2160p, 60hz, 4ms, Dual monitor, laptop monitor, monitor stand / riser / mount compliant, AMD FreeSync, Gaming, HDMI, DP, Black",4.5,901,https://www.amazon.com/Samsung-U32J590-32-Inch-LED-Lit-Monitor/dp/B07CS3JGPC/ref=sr_1_304?dchild=1&keywords=ultrawide+monitor&qid=1621432912&sr=8-304
"Usb Camera 5 Megapixel 2592X1944 Webcam with Aptina MI5100 CMOS Sensor and Aluminum Mini Case,Usb with Cameras with 100 Degree No Distortion Lens,Web cams with UVC for Use in Android Windows Linux Mac",3.3,12,https://www.amazon.com/gp/slredirect/picassoRedirect.html/ref=pa_sp_btf_aps_sr_pg19_1?ie=UTF8&adId=A04672653IGFGS2WA145S&url=%2FMegapixel-2592X1944-Aluminum-Cameras-Distortion%2Fdp%2FB07MG5B9W7%2Fref%3Dsr_1_305_sspa%3Fdchild%3D1%26keywords%3Dultrawide%2Bmonitor%26qid%3D1621432912%26sr%3D8-305-spons%26psc%3D1&qualifier=1621432912&id=1456753059348478&widgetName=sp_btf
"WALI Single Fully Adjustable Arm for WALI Monitor Mounting System (001ARM), Black",4.7,772,https://www.amazon.com/gp/slredirect/picassoRedirect.html/ref=pa_sp_btf_aps_sr_pg19_1?ie=UTF8&adId=A08237472Q1NQWVXL9842&url=%2FWALI-Adjustable-Monitor-Mounting-001ARM%2Fdp%2FB07BHXZBYQ%2Fref%3Dsr_1_306_sspa%3Fdchild%3D1%26keywords%3Dultrawide%2Bmonitor%26qid%3D1621432912%26sr%3D8-306-spons%26psc%3D1&qualifier=1621432912&id=1456753059348478&widgetName=sp_btf
"SAMSUNG LC34J791WTNXZA 34-Inch CJ791 Ultrawide Curved Gaming Monitor, White",4.5,964,https://www.amazon.com/Samsung-CJ791-Thunderbolt-Curved-Monitor/dp/B07CS3JB5K/ref=sr_1_305?dchild=1&keywords=ultrawide+monitor&qid=1621432914&sr=8-305
"WALI Dual LCD Monitor Fully Adjustable Desk Mount Stand Fits 2 Screens up to 27 inch, 22 lbs. Weight Capacity per Arm (M002), Black",4.6,7.465,https://www.amazon.com/gp/slredirect/picassoRedirect.html/ref=pa_sp_btf_aps_sr_pg20_1?ie=UTF8&adId=A06028193HSZYE4YIVJXN&url=%2FWALI-Monitor-Adjustable-Capacity-M002%2Fdp%2FB018MSDG84%2Fref%3Dsr_1_307_sspa%3Fdchild%3D1%26keywords%3Dultrawide%2Bmonitor%26qid%3D1621432914%26sr%3D8-307-spons%26psc%3D1&qualifier=1621432914&id=753256047308296&widgetName=sp_btf
GeeekPi 7 inch 1024 x 600 HDMI Screen LCD Display with Driver Board Monitor for Raspberry Pi,4.3,135,https://www.amazon.com/gp/slredirect/picassoRedirect.html/ref=pa_sp_btf_aps_sr_pg20_1?ie=UTF8&adId=A05264303CFTLZEFF9WEB&url=%2FGeeekPi-Screen-Display-Monitor-Raspberry%2Fdp%2FB01L6YXZLY%2Fref%3Dsr_1_308_sspa%3Fdchild%3D1%26keywords%3Dultrawide%2Bmonitor%26qid%3D1621432914%26sr%3D8-308-spons%26psc%3D1&qualifier=1621432914&id=753256047308296&widgetName=sp_btf