Description,Price,Rating,ReviewCount,Url
"Sceptre IPS 24-Inch Business Computer Monitor 1080p 75Hz with HDMI VGA Build-in Speakers, Machine Black (E248W-FPT)",$149.58,4.7 out of 5 stars,"1,792",https://www.amazon.pl/gp/slredirect/picassoRedirect.html/ref=pa_sp_atf_computers_sr_pg1_1?ie=UTF8&adId=A03711302FSURVRL87DTU&url=%2FSceptre-Business-Computer-Speakers-E248W-FPT%2Fdp%2FB087QRW81Z%2Fref%3Dsr_1_1_sspa%3Fdchild%3D1%26keywords%3Dbest%2Bseller%2Bultrawide%2Bmonitor%26qid%3D1620942336%26s%3Dpc%26sr%3D1-1-spons%26psc%3D1&qualifier=1620942336&id=7761933944369004&widgetName=sp_atf
"Sceptre IPS 27-Inch Business Computer Monitor 1080p 75Hz with HDMI VGA Build-in Speakers, Machine Black 2020 (E275W-FPT)",$159.19,4.6 out of 5 stars,"1,922",https://www.amazon.pl/gp/slredirect/picassoRedirect.html/ref=pa_sp_atf_computers_sr_pg1_1?ie=UTF8&adId=A07621481SJQSXKZFPOYW&url=%2FSceptre-Business-Computer-Speakers-e275W-FPT%2Fdp%2FB089BTLL9K%2Fref%3Dsr_1_2_sspa%3Fdchild%3D1%26keywords%3Dbest%2Bseller%2Bultrawide%2Bmonitor%26qid%3D1620942336%26s%3Dpc%26sr%3D1-2-spons%26psc%3D1&qualifier=1620942336&id=7761933944369004&widgetName=sp_atf
"LG 34WL75C-B 34"" Curved UltraWide QHD IPS HDR 10 3-Side Virtually Borderless LED Monitor, 3440x1440 (Renewed)",$499.99,4.7 out of 5 stars,31,https://www.amazon.pl/LG-34WL75C-B-UltraWide-Virtually-Borderless/dp/B085LM41K3/ref=sr_1_3?dchild=1&keywords=best+seller+ultrawide+monitor&qid=1620942336&s=pc&sr=1-3
"ViewSonic VG3448 34 Inch Ultra-Wide 21:9 WQHD Ergonomic Monitor with HDMI DisplayPort USB, 40 Degree Tilt and FreeSync for Home and Office",$495.34,4.7 out of 5 stars,"1,218",https://www.amazon.pl/ViewSonic-VG3448-Inch-Ultra-Wide-DisplayPort/dp/B07S3ZYP94/ref=sr_1_4?dchild=1&keywords=best+seller+ultrawide+monitor&qid=1620942336&s=pc&sr=1-4
BenQ EX3501R Ultrawide Curved Gaming Monitor | 34 inch class (35 Inch) | 21:9 QHD (3440 X 1440) | 100Hz | HDR | FreeSync,$649.98,4.5 out of 5 stars,314,https://www.amazon.pl/BenQ-EX3501R-Multi-Tasking-Brightness-Technology/dp/B077P62F8X/ref=sr_1_5?dchild=1&keywords=best+seller+ultrawide+monitor&qid=1620942336&s=pc&sr=1-5
LG 29UM59-A 29-Inch UltraWide FHD 2560 x 1080 IPS Gaming Monitor,$219.99,4.6 out of 5 stars,333,https://www.amazon.pl/LG-29UM59-29-Inch-UltraWide-Monitor/dp/B071L1KDVB/ref=sr_1_6?dchild=1&keywords=best+seller+ultrawide+monitor&qid=1620942336&s=pc&sr=1-6
"LG 29WK50S-P 29"" UltraWide Full HD IPS Monitor (Renewed)",$199.99,4.6 out of 5 stars,29,https://www.amazon.pl/LG-29WK50S-P-UltraWide-Monitor-Renewed/dp/B081193FQC/ref=sr_1_7?dchild=1&keywords=best+seller+ultrawide+monitor&qid=1620942336&s=pc&sr=1-7
"LG 29WN600-W 29"" 21:9 UltraWide WFHD IPS HDR10 Monitor with FreeSync, Silver",$226.99,4.6 out of 5 stars,"1,687",https://www.amazon.pl/LG-29WN600-W-29-21-UltraWide/dp/B0876DBCBX/ref=sr_1_8?dchild=1&keywords=best+seller+ultrawide+monitor&qid=1620942336&s=pc&sr=1-8
LG 25UM58-P 25'' UltraWide 21:9 IPS Full HD Monitor with sRGB 99% and On-Screen Control with Screen Split,$149.99,4.5 out of 5 stars,"3,745",https://www.amazon.pl/LG-25UM58-P-25-Inch-21-UltraWide/dp/B01BV1XB2K/ref=sr_1_9?dchild=1&keywords=best+seller+ultrawide+monitor&qid=1620942336&s=pc&sr=1-9
HP Pavilion 27xw 27-Inch Full HD 1080p IPS LED Monitor with VGA and HDMI Ports (V0N26AA#ABA) - White & Silver,$279.99,4.7 out of 5 stars,"2,034",https://www.amazon.pl/HP-Pavilion-27-inch-Backlight-27xw/dp/B0199W9UMS/ref=sr_1_10?dchild=1&keywords=best+seller+ultrawide+monitor&qid=1620942336&s=pc&sr=1-10
"WIMAXIT 11.6 Inch Portable HDMI Monitor, FullHD 1080P 16:9 Screen,Dual Speakers USB Powered for PS5/PS4/X Box/Raspberry PI4/Switch/PC/laptop/school Computer Learning",$119.00,4.0 out of 5 stars,31,https://www.amazon.pl/gp/slredirect/picassoRedirect.html/ref=pa_sp_mtf_computers_sr_pg1_1?ie=UTF8&adId=A0624476MTIC4Y2GUVLT&url=%2FWIMAXIT-11-6-Portable-Monitor-1080P%2Fdp%2FB07Q2RXW82%2Fref%3Dsr_1_11_sspa%3Fdchild%3D1%26keywords%3Dbest%2Bseller%2Bultrawide%2Bmonitor%26qid%3D1620942336%26s%3Dpc%26sr%3D1-11-spons%26psc%3D1&qualifier=1620942336&id=7761933944369004&widgetName=sp_mtf
"Acer R240HY bidx 23.8-Inch IPS HDMI DVI VGA (1920 x 1080) Widescreen Monitor, Black",$129.99,4.7 out of 5 stars,"41,109",https://www.amazon.pl/Acer-R240HY-bidx-23-8-Inch-Widescreen/dp/B0148NNKTC/ref=sr_1_12?dchild=1&keywords=best+seller+ultrawide+monitor&qid=1620942336&s=pc&sr=1-12
"SAMSUNG SH850 Series 27 inch QHD 2560x1440 Desktop Monitor for Business (in Black) with USB-C, HDMI, DisplayPort, 3-Year Warranty , TAA (S27H850QFN)",$361.00,4.1 out of 5 stars,67,https://www.amazon.pl/Samsung-LS27H850QFNXGO-SH850-27-Monitor/dp/B071Y6PHY3/ref=sr_1_13?dchild=1&keywords=best+seller+ultrawide+monitor&qid=1620942336&s=pc&sr=1-13
"Dell SE2419Hx 24"" IPS Full HD (1920x1080) Monitor, Black",$169.99,4.7 out of 5 stars,"6,420",https://www.amazon.pl/Dell-SE2419Hx-23-8-1920x1080-Monitor/dp/B07HKV5RLG/ref=sr_1_14?dchild=1&keywords=best+seller+ultrawide+monitor&qid=1620942336&s=pc&sr=1-14
"ViewSonic VA2759-SMH 27 Inch IPS 1080p Frameless LED Monitor with HDMI and VGA Inputs,Black",$169.99,4.6 out of 5 stars,"2,547",https://www.amazon.pl/ViewSonic-VA2759-SMH-Frameless-Monitor-inputs/dp/B01F6UTURM/ref=sr_1_15?dchild=1&keywords=best+seller+ultrawide+monitor&qid=1620942336&s=pc&sr=1-15
"4K HDMI Cable 15FT,Highwings High Speed 18Gbps HDMI 2.0 Braided Cord-Supports (4K 60Hz HDR,Video 4K 2160p 1080p 3D HDCP 2.2 ARC-Compatible with Ethernet PS4/3 4K Projector Game Monitor ect-Grey",$17.99,4.7 out of 5 stars,"13,958",https://www.amazon.pl/gp/slredirect/picassoRedirect.html/ref=pa_sp_mtf_computers_sr_pg1_1?ie=UTF8&adId=A08391233E4OBEQXXTB94&url=%2FHighwings-Braided-Cord-Supports-ARC-Compatible-Ethernet%2Fdp%2FB0837K8Y14%2Fref%3Dsr_1_16_sspa%3Fdchild%3D1%26keywords%3Dbest%2Bseller%2Bultrawide%2Bmonitor%26qid%3D1620942336%26s%3Dpc%26sr%3D1-16-spons%26psc%3D1%26smid%3DAHBFVWA47JO8O&qualifier=1620942336&id=7761933944369004&widgetName=sp_mtf
"ASUS 24"" 1080P Gaming Monitor (VG248QG) - Full HD, 165Hz (Supports 144Hz), 0.5ms, Extreme Low Motion Blur, Speaker, Adaptive-Sync, G-SYNC Compatible, VESA Mountable, DisplayPort, HDMI, DVI-D , Black",$189.99,4.7 out of 5 stars,"3,072",https://www.amazon.pl/VG248QG-G-Sync-Compatible-Gaming-Monitor/dp/B07TNM8L6S/ref=sr_1_18?dchild=1&keywords=best+seller+ultrawide+monitor&qid=1620942336&s=pc&sr=1-18
HP M27ha FHD Monitor - Full HD Monitor (1920 x 1080p) - IPS Panel and Built-in Audio - VESA Compatible 27-inch Monitor Designed for Comfortable Viewing with Height and Pivot Adjustment - (22H94AA#ABA),$199.99,4.7 out of 5 stars,943,https://www.amazon.pl/HP-M27ha-FHD-Monitor-Built/dp/B08DJB7VVY/ref=sr_1_19?dchild=1&keywords=best+seller+ultrawide+monitor&qid=1620942336&s=pc&sr=1-19
"LG 24M47VQ 24-Inch LED-lit Monitor, Black",$99.99,4.7 out of 5 stars,"4,130",https://www.amazon.pl/LG-24M47VQ-24-Inch-LED-lit-Monitor/dp/B00W95RR32/ref=sr_1_20?dchild=1&keywords=best+seller+ultrawide+monitor&qid=1620942336&s=pc&sr=1-20
"AOC G2590FX 25"" Framless Gaming Monitor, FHD 1920x1080, 1ms, 144Hz, G-SYNC Compatible+AdaptiveSync, 96% sRGB, DisplayPort/HDMI/VGA, VESA, 25 inch, Black / Red",$230.66,4.6 out of 5 stars,"1,407",https://www.amazon.pl/gp/slredirect/picassoRedirect.html/ref=pa_sp_btf_computers_sr_pg1_1?ie=UTF8&adId=A02129983OFS79M6IQMBT&url=%2FAOC-G2590FX-Framless-1920x1080-DisplayPort%2Fdp%2FB07D377Q6D%2Fref%3Dsr_1_21_sspa%3Fdchild%3D1%26keywords%3Dbest%2Bseller%2Bultrawide%2Bmonitor%26qid%3D1620942336%26s%3Dpc%26sr%3D1-21-spons%26psc%3D1%26smid%3DA3UQFZV91RE0UX&qualifier=1620942336&id=7761933944369004&widgetName=sp_btf
Barbella 2706 Pandora Treasure 2D Retro Arcade Game Console Machine 1280720p Full HD USB & TF/Micro SD Ports | HDMI/VGA/USB Audio Output,$119.99,4.3 out of 5 stars,34,https://www.amazon.pl/gp/slredirect/picassoRedirect.html/ref=pa_sp_btf_computers_sr_pg1_1?ie=UTF8&adId=A1001798TAXH6VQQUFCH&url=%2FBarbella-Pandora-Treasure-Console-1920x1080%2Fdp%2FB07KX1DRQP%2Fref%3Dsr_1_22_sspa%3Fdchild%3D1%26keywords%3Dbest%2Bseller%2Bultrawide%2Bmonitor%26qid%3D1620942336%26s%3Dpc%26sr%3D1-22-spons%26psc%3D1&qualifier=1620942336&id=7761933944369004&widgetName=sp_btf
"Sceptre 20"" 1600x900 75Hz Ultra Thin LED Monitor 2x HDMI VGA Built-in Speakers, Machine Black Wide Viewing Angle 170° (Horizontal) / 160° (Vertical)",$98.97,4.5 out of 5 stars,"16,410",https://www.amazon.pl/Sceptre-E205W-16003R-Frameless-Speakers-Metallic/dp/B07743412C/ref=sr_1_23?dchild=1&keywords=best+seller+ultrawide+monitor&qid=1620942336&s=pc&sr=1-23
"ViewSonic VA2446MH-LED 24 Inch Full HD 1080p LED Monitor with HDMI and VGA Inputs for Home and Office,Black",$139.99,4.6 out of 5 stars,"4,313",https://www.amazon.pl/ViewSonic-VA2446MH-LED-Monitor-Inputs-Office/dp/B074F28QNS/ref=sr_1_24?dchild=1&keywords=best+seller+ultrawide+monitor&qid=1620942336&s=pc&sr=1-24
"SAMSUNG LC24F396FHNXZA 23.5"" FHD Curved LED-Lit FreeSync Monitor",$149.99,4.7 out of 5 stars,"5,216",https://www.amazon.pl/Samsung-23-5-Inch-LED-Lit-Monitor-LC24F396FHNXZA/dp/B079K3MXWF/ref=sr_1_26?dchild=1&keywords=best+seller+ultrawide+monitor&qid=1620942336&s=pc&sr=1-26
"AOC C24G1 24"" Curved Frameless Gaming Monitor, FHD 1080p, 1500R VA panel, 1ms 144Hz, FreeSync, Height adjustable, VESA, 3-Year Zero Dead Pixels Black",$189.99,4.7 out of 5 stars,"8,838",https://www.amazon.pl/AOC-C24G1-Frameless-DisplayPort-Adjustable/dp/B07GD7H18F/ref=sr_1_28?dchild=1&keywords=best+seller+ultrawide+monitor&qid=1620942336&s=pc&sr=1-28
"Acer Nitro XV340CK Pbmiipphzx 34"" QHD (3440 x 1440) IPS Gaming Monitor with AMD Radeon FREESYNC, 144Hz, 1ms VRB, HDR10 Technology, (2 x Display Ports, 2 x HDMI 2.0 & 2 x USB 3.0 Ports), Black",$419.00,4.4 out of 5 stars,248,https://www.amazon.pl/Acer-XV340CK-Pbmiipphzx-FREESYNC-Technology/dp/B08BG4GWRL/ref=sr_1_29?dchild=1&keywords=best+seller+ultrawide+monitor&qid=1620942336&s=pc&sr=1-29
"Z-Edge 27-inch Curved Gaming Monitor, Full HD 1080P 1920x1080 LED Backlight Monitor, with 75Hz Refresh Rate and Eye-Care Technology, 178° Wide View Angle, Built-in Speakers, VGA+HDMI",$199.99,4.5 out of 5 stars,281,https://www.amazon.pl/Z-Edge-1920x1080-Backlight-Eye-Care-Technology/dp/B08H8JM216/ref=sr_1_30?dchild=1&keywords=best+seller+ultrawide+monitor&qid=1620942336&s=pc&sr=1-30
"OWC 14-Port Thunderbolt 3 Dock with Cable, Compatible with Windows PC and Mac, Space Gray, (OWCTB3DK14PSG)",$249.00,4.4 out of 5 stars,470,https://www.amazon.pl/gp/slredirect/picassoRedirect.html/ref=pa_sp_atf_next_computers_sr_pg2_1?ie=UTF8&adId=A05224442KR1WQ1XBV6I&url=%2FOWC-14-Port-Thunderbolt-Compatible-OWCTB3DK14PSG%2Fdp%2FB07JMH6BSY%2Fref%3Dsr_1_25_sspa%3Fdchild%3D1%26keywords%3Dbest%2Bseller%2Bultrawide%2Bmonitor%26qid%3D1620942340%26s%3Dpc%26sr%3D1-25-spons%26psc%3D1%26smid%3DA2W0TEJ3MK1XP5&qualifier=1620942340&id=7600480084707718&widgetName=sp_atf_next
"WIMAXIT 7 Inch Raspberry Pi Touch Monitor, IPS Display 1024x600 USB Powered 3.5mm Ear Jack HDMI Monitor with Speaker & Stand for Raspberry Pi 4/B 3 Win PC Raspbian, Ubuntu",$82.88,,,https://www.amazon.pl/gp/slredirect/picassoRedirect.html/ref=pa_sp_atf_next_computers_sr_pg2_1?ie=UTF8&adId=A062413221V7IBPL1F32D&url=%2FWIMAXIT-Raspberry-Monitor-1024x600-Raspbian%2Fdp%2FB0932CX42D%2Fref%3Dsr_1_26_sspa%3Fdchild%3D1%26keywords%3Dbest%2Bseller%2Bultrawide%2Bmonitor%26qid%3D1620942340%26s%3Dpc%26sr%3D1-26-spons%26psc%3D1&qualifier=1620942340&id=7600480084707718&widgetName=sp_atf_next
"Sceptre Curved 27"" 75Hz LED Monitor HDMI VGA Build-In Speakers, EDGE-LESS Metal Black 2019 (C275W-1920RN)",$179.97,4.7 out of 5 stars,"7,845",https://www.amazon.pl/Sceptre-Monitor-Speakers-Edge-Less-C275W-1920RN/dp/B07MTRQ6B3/ref=sr_1_27?dchild=1&keywords=best+seller+ultrawide+monitor&qid=1620942340&s=pc&sr=1-27
ASUS VA27EHE 27” Eye Care Monitor Full HD (1920 x 1080) IPS 75Hz Adaptive-Sync HDMI D-Sub Frameless,$159.00,4.7 out of 5 stars,"4,525",https://www.amazon.pl/Asus-VA27EHE-Monitor-Black-Frameless/dp/B082BYRR3L/ref=sr_1_31?dchild=1&keywords=best+seller+ultrawide+monitor&qid=1620942340&s=pc&sr=1-31
"Sceptre 24"" Curved 75Hz Gaming LED Monitor Full HD 1080P HDMI VGA Speakers, VESA Wall Mount Ready Metal Black 2019 (C248W-1920RN)",$191.54,4.6 out of 5 stars,"13,726",https://www.amazon.pl/Sceptre-Curved-Monitor-Speakers-C248W-1920RN/dp/B07KXSR99Y/ref=sr_1_35?dchild=1&keywords=best+seller+ultrawide+monitor&qid=1620942340&s=pc&sr=1-35
"Asus VZ279HE 27” Full HD 1080P IPS Eye Care Monitor with HDMI and VGA, Black",$159.99,4.5 out of 5 stars,"1,324",https://www.amazon.pl/ASUS-VZ279HE-Full-1080P-Monitor/dp/B07MXJ7QXF/ref=sr_1_36?dchild=1&keywords=best+seller+ultrawide+monitor&qid=1620942340&s=pc&sr=1-36
"Acer ED273 wmidx 27"" Full HD (1920 x 1080) Curved 1800R VA Monitor with AMD FREESYNC Technology - 4ms | 75Hz Refresh Rate | HDMI, DVI & VGA port",$179.99,4.5 out of 5 stars,"1,389",https://www.amazon.pl/Acer-ED273-wmidx-FREESYNC-Technology/dp/B07BKBLSNH/ref=sr_1_38?dchild=1&keywords=best+seller+ultrawide+monitor&qid=1620942340&s=pc&sr=1-38
"LG 34WK650-W 34"" UltraWide 21:9 IPS Monitor with HDR10 and FreeSync (2018), Black/White",$398.96,4.7 out of 5 stars,"1,008",https://www.amazon.pl/gp/slredirect/picassoRedirect.html/ref=pa_sp_mtf_computers_sr_pg2_1?ie=UTF8&adId=A102645020ZZO08BEH16G&url=%2FLG-34WK650-W-34-UltraWide-21%2Fdp%2FB078GSH1LV%2Fref%3Dsr_1_39_sspa%3Fdchild%3D1%26keywords%3Dbest%2Bseller%2Bultrawide%2Bmonitor%26qid%3D1620942340%26s%3Dpc%26sr%3D1-39-spons%26psc%3D1&qualifier=1620942340&id=7600480084707718&widgetName=sp_mtf
"Packard Bell AirFrame 24 Inch Ultra-Slim Bezel Desktop Monitor, FHD 1080p, VESA Mounting, Tilt Adjustment, HDMI and VGA for Home or Office Use - Black",$149.99,4.2 out of 5 stars,3,https://www.amazon.pl/gp/slredirect/picassoRedirect.html/ref=pa_sp_mtf_computers_sr_pg2_1?ie=UTF8&adId=A0461626QDR3T2YDA38I&url=%2FPackard-Bell-AirFrame-Ultra-Slim-Adjustment%2Fdp%2FB08PDP4PRL%2Fref%3Dsr_1_40_sspa%3Fdchild%3D1%26keywords%3Dbest%2Bseller%2Bultrawide%2Bmonitor%26qid%3D1620942340%26s%3Dpc%26sr%3D1-40-spons%26psc%3D1&qualifier=1620942340&id=7600480084707718&widgetName=sp_mtf
"Sceptre E275W-19203R 27"" Ultra Thin 1080P LED Monitor 2X HDMI VGA Build-In Speakers, Metallic Black 2018",$169.97,4.5 out of 5 stars,"3,384",https://www.amazon.pl/Sceptre-E275W-19203R-Monitor-Speakers-Metallic/dp/B077SRKKHQ/ref=sr_1_41?dchild=1&keywords=best+seller+ultrawide+monitor&qid=1620942340&s=pc&sr=1-41
"4k Portable Monitor 15.6’’ for Laptop, EVICIV Gaming Second Monitor with Dual USB C Mini HD for Computer MacBook Pro PS4 Phone Xbox Switch, Computer External Display VESA Mount 3840 x 2160 100% sRGB",$339.99,4.2 out of 5 stars,273,https://www.amazon.pl/Portable-External-Computer-Freesync-Speakers/dp/B0828CXGN7/ref=sr_1_42?dchild=1&keywords=best+seller+ultrawide+monitor&qid=1620942340&s=pc&sr=1-42
BenQ ZOWIE XL2411P 24 Inch 144Hz Gaming Monitor / 1080P 1ms / Black eQualizer and Color Vibrance for Competitive Edge / Does not Support 120Hz on console,$199.00,4.7 out of 5 stars,"4,567",https://www.amazon.pl/BenQ-XL2411-Equalizer-Vibrance-Competitive/dp/B01H5KKQTM/ref=sr_1_43?dchild=1&keywords=best+seller+ultrawide+monitor&qid=1620942340&s=pc&sr=1-43
"ASUS TUF Gaming VG27VQ 27” Curved Monitor, 1080P Full HD, 165Hz (Supports 144Hz), Freesync, 1ms, Extreme Low Motion Blur, Eye Care, DisplayPort HDMI,Black",$259.00,4.7 out of 5 stars,"1,255",https://www.amazon.pl/ASUS-VG27VQ-Supports-Freesync-DisplayPort/dp/B07YYWVBQ8/ref=sr_1_44?dchild=1&keywords=best+seller+ultrawide+monitor&qid=1620942340&s=pc&sr=1-44
"ASUS 15.6"" 1080P Portable Monitor (MB169B+) - Full HD, IPS, Auto-rotatable, Smart Case, Ultra-slim, Lightweight, Sleek, USB 3.0 Powered, For Laptop, PC, Phone, Console",$169.00,4.2 out of 5 stars,"4,950",https://www.amazon.pl/ASUS-MB169B-1920x1080-Portable-Monitor/dp/B013XFJKGI/ref=sr_1_45?dchild=1&keywords=best+seller+ultrawide+monitor&qid=1620942340&s=pc&sr=1-45
"Dell P2419H 24 Inch LED-Backlit, Anti-Glare, 3H Hard Coating IPS Monitor - (8 ms Response, FHD 1920 x 1080 at 60Hz, 1000:1 Contrast, with ComfortView DisplayPort, VGA, HDMI and USB), Black",$189.00,4.7 out of 5 stars,"5,223",https://www.amazon.pl/Dell-Screen-LED-Lit-Monitor-P2419H/dp/B07F8XZN69/ref=sr_1_46?dchild=1&keywords=best+seller+ultrawide+monitor&qid=1620942340&s=pc&sr=1-46
"Acer CB272 bmiprx 27"" Full HD (1920 x 1080) IPS Zero Frame Home Office Monitor with AMD Radeon Free Sync - 1ms VRB, 75Hz Refresh, Height Adjustable Stand with Tilt & Pivot (Display, HDMI & VGA ports)",$179.99,4.5 out of 5 stars,"2,287",https://www.amazon.pl/Acer-CB272-bmiprx-FreeSync-Technology/dp/B07WMTLW2R/ref=sr_1_47?dchild=1&keywords=best+seller+ultrawide+monitor&qid=1620942340&s=pc&sr=1-47
"ASUS VP249QGR 23.8” Gaming Monitor 144Hz Full HD (1920 x 1080) IPS 1ms FreeSync Extreme Low Motion Blur Eye Care DisplayPort HDMI VGA,BLACK",$254.00,4.8 out of 5 stars,"2,378",https://www.amazon.pl/VP249QGR-Monitor-FreeSync-Extreme-DisplayPort/dp/B083FMP35T/ref=sr_1_49?dchild=1&keywords=best+seller+ultrawide+monitor&qid=1620942340&s=pc&sr=1-49
SAMSUNG IT LC27F591FDNXZA SAMSUNG C27F591 27-Inch Curved Monitor (Built-in Speaker Included),$349.97,4.6 out of 5 stars,697,https://www.amazon.pl/Samsung-LC27F591FDNXZA-C27F591-27-Inch-Included/dp/B01CX26VNC/ref=sr_1_50?dchild=1&keywords=best+seller+ultrawide+monitor&qid=1620942340&s=pc&sr=1-50
"Acer ET322QU Abmiprx 31.5"" WQHD (2560 x 1440) IPS Monitor with AMD FREESYNC Technology (Display Port, HDMI 1.4 Port & VGA Port)",$229.99,4.3 out of 5 stars,165,https://www.amazon.pl/Acer-ET322QU-Abmiprx-FREESYNC-Technology/dp/B07M93S8JC/ref=sr_1_52?dchild=1&keywords=best+seller+ultrawide+monitor&qid=1620942340&s=pc&sr=1-52
"LG 27UL500-W 27-Inch UHD (3840 x 2160) IPS Monitor with Radeon Freesync Technology and HDR10, White",$348.34,4.7 out of 5 stars,"1,898",https://www.amazon.pl/gp/slredirect/picassoRedirect.html/ref=pa_sp_btf_computers_sr_pg2_1?ie=UTF8&adId=A0745502387QBH5ODOUYK&url=%2FLG-27UL500-W-27-Inch-Freesync-Technology%2Fdp%2FB07PGL2WVS%2Fref%3Dsr_1_53_sspa%3Fdchild%3D1%26keywords%3Dbest%2Bseller%2Bultrawide%2Bmonitor%26qid%3D1620942340%26s%3Dpc%26sr%3D1-53-spons%26psc%3D1&qualifier=1620942340&id=7600480084707718&widgetName=sp_btf
"15.6 Inch Portable Touchscreen Monitor, Fhd Ips/10 Points Touch/Slim/Dual Speaker/All-in-One Stand",$239.00,4.5 out of 5 stars,2,https://www.amazon.pl/gp/slredirect/picassoRedirect.html/ref=pa_sp_btf_computers_sr_pg2_1?ie=UTF8&adId=A00348052ZQ9HUTK571F8&url=%2FPortable-Touchscreen-Monitor-Points-Speaker%2Fdp%2FB08HVG3XQD%2Fref%3Dsr_1_54_sspa%3Fdchild%3D1%26keywords%3Dbest%2Bseller%2Bultrawide%2Bmonitor%26qid%3D1620942340%26s%3Dpc%26sr%3D1-54-spons%26psc%3D1&qualifier=1620942340&id=7600480084707718&widgetName=sp_btf
"4K Media Player with Remote Control, Digital MP4 Player for 8TB HDD/ USB Drive / TF Card/ H.265 MP4 PPT MKV AVI Support HDMI/AV/Optical Out and USB Mouse/Keyboard-HDMI up to 7.1 Surround Sound",$49.99,4.1 out of 5 stars,334,https://www.amazon.pl/gp/slredirect/picassoRedirect.html/ref=pa_sp_atf_next_computers_sr_pg3_1?ie=UTF8&adId=A09647111ZABPSU54AJO0&url=%2FPlayer-Digital-Coaxial-Control-Keyboard%2Fdp%2FB07WPY8VKL%2Fref%3Dsr_1_49_sspa%3Fdchild%3D1%26keywords%3Dbest%2Bseller%2Bultrawide%2Bmonitor%26qid%3D1620942344%26s%3Dpc%26sr%3D1-49-spons%26psc%3D1&qualifier=1620942344&id=764617226643917&widgetName=sp_atf_next
"KOREA XRANGER Blue Light Protector - (2pack) 34” (21:9) Screen Protector ALL Upgraded - Blue Light, UV, Glare, Transparency Material Design by Korea",$85.00,3.8 out of 5 stars,5,https://www.amazon.pl/gp/slredirect/picassoRedirect.html/ref=pa_sp_atf_next_computers_sr_pg3_1?ie=UTF8&adId=A0561705S86N80ER47EL&url=%2FKOREA-XRANGER-Blue-Light-Protector%2Fdp%2FB08NB4RWQJ%2Fref%3Dsr_1_50_sspa%3Fdchild%3D1%26keywords%3Dbest%2Bseller%2Bultrawide%2Bmonitor%26qid%3D1620942344%26s%3Dpc%26sr%3D1-50-spons%26psc%3D1&qualifier=1620942344&id=764617226643917&widgetName=sp_atf_next
"Sceptre E255B-1658A 25"" 165Hz 144Hz 1ms AMD FreeSync gaming LED Monitor 2x HDMI 2.0 1x DisplayPort RTS FPS Build-in Speakers, Machine Black, Metallic Black",$229.97,4.6 out of 5 stars,"5,684",https://www.amazon.pl/Sceptre-E255B-1658A-Gaming-Monitor-DisplayPort/dp/B07KGMQGDT/ref=sr_1_51?dchild=1&keywords=best+seller+ultrawide+monitor&qid=1620942344&s=pc&sr=1-51
LG 27GL650F-B 27 Inch Full HD Ultragear G-Sync Compatible Gaming Monitor with 144Hz Refresh Rate and HDR 10 - Black,$292.16,4.7 out of 5 stars,"1,331",https://www.amazon.pl/LG-27GL650F-B-Ultragear-Compatible-Monitor/dp/B07R7636MH/ref=sr_1_54?dchild=1&keywords=best+seller+ultrawide+monitor&qid=1620942344&s=pc&sr=1-54
"ASUS VG275Q 27 inch Full HD 1080p 1ms Dual HDMI Eye Care Console Gaming Monitor with FreeSync/Adaptive Sync, Black",$209.00,4.8 out of 5 stars,"3,266",https://www.amazon.pl/ASUS-VG275Q-Console-FreeSync-Adaptive/dp/B071KHHDNK/ref=sr_1_55?dchild=1&keywords=best+seller+ultrawide+monitor&qid=1620942344&s=pc&sr=1-55
"HP Newest 27"" Widescreen IPS LED Full HD (1920x1080) Monitor, 5ms Response Time, 10,000,000:1 Contrast Ratio, FreeSync, 2X HDMI and 1x VGA Input, 178° View Angle, 75Hz Refresh Rate, Natural Silver",$202.00,4.6 out of 5 stars,622,https://www.amazon.pl/HP-Widescreen-1920x1080-Monitor-Response/dp/B07K4QDNVX/ref=sr_1_57?dchild=1&keywords=best+seller+ultrawide+monitor&qid=1620942344&s=pc&sr=1-57
"VIVO Single 13 to 27 inch LCD Monitor Desk Mount Stand, Fully Adjustable, Tilt, Articulating / Holds 1 Screen STAND-V001",$34.95,4.7 out of 5 stars,"8,374",https://www.amazon.pl/VIVO-Monitor-Adjustable-Articulating-STAND-V001/dp/B00B21TLQU/ref=sr_1_58?dchild=1&keywords=best+seller+ultrawide+monitor&qid=1620942344&s=pc&sr=1-58
"AOC CQ32G1 31.5"" Curved Frameless Gaming Monitor, Quad HD 2560x1440, VA panel, 4 ms Response Time, MPRT, 144Hz, FreeSync, DisplayPort/HDMI/VGA, VESA, Black",$386.00,4.6 out of 5 stars,"1,102",https://www.amazon.pl/AOC-CQ32G1-Frameless-2560x1440-DisplayPort/dp/B07HKM16DT/ref=sr_1_59?dchild=1&keywords=best+seller+ultrawide+monitor&qid=1620942344&s=pc&sr=1-59
"VIVO Dual LCD Monitor Desk Mount Stand Heavy Duty Fully Adjustable fits 2 /Two Screens up to 27"" (STAND-V002)",$39.95,4.6 out of 5 stars,"28,161",https://www.amazon.pl/VIVO-Monitor-Adjustable-Screens-STAND-V002/dp/B009S750LA/ref=sr_1_60?dchild=1&keywords=best+seller+ultrawide+monitor&qid=1620942344&s=pc&sr=1-60
"Acer KB272HL bix 27"" Full HD (1920 x 1080) Acer Vision Care VA Monitor with Flicker-less, Blue Light Filter and AMD FREESYNC Technology (HDMI & VGA Port),Black",$159.99,4.7 out of 5 stars,"1,801",https://www.amazon.pl/Acer-KB272HL-bix-VisionCare-Flicker-Less/dp/B07QPBXVBQ/ref=sr_1_61?dchild=1&keywords=best+seller+ultrawide+monitor&qid=1620942344&s=pc&sr=1-61
"HP 24ea IPS Display- 23.8 inch, White",$175.00,4.7 out of 5 stars,"1,733",https://www.amazon.pl/HP-23-8-inch-Monitor-Built-24ea/dp/B01L73OEOG/ref=sr_1_62?dchild=1&keywords=best+seller+ultrawide+monitor&qid=1620942344&s=pc&sr=1-62
"LG 32QN600-B 32-Inch QHD (2560 x 1440) IPS Monitor with HDR 10, AMD FreeSync with Dual HDMI Inputs, Black",$249.99,4.7 out of 5 stars,"1,587",https://www.amazon.pl/gp/slredirect/picassoRedirect.html/ref=pa_sp_mtf_computers_sr_pg3_1?ie=UTF8&adId=A00148341G34MY7LTAWCS&url=%2FLG-32QN600-B-32-Inch-Monitor-FreeSync%2Fdp%2FB088YN9LBK%2Fref%3Dsr_1_63_sspa%3Fdchild%3D1%26keywords%3Dbest%2Bseller%2Bultrawide%2Bmonitor%26qid%3D1620942344%26s%3Dpc%26sr%3D1-63-spons%26psc%3D1&qualifier=1620942344&id=764617226643917&widgetName=sp_mtf
"LG 27GL83A-B 27 Inch Ultragear QHD IPS 1ms NVIDIA G-SYNC Compatible Gaming Monitor, Black",$379.99,4.8 out of 5 stars,"6,459",https://www.amazon.pl/gp/slredirect/picassoRedirect.html/ref=pa_sp_mtf_computers_sr_pg3_1?ie=UTF8&adId=A0536574119IRIW42J2FC&url=%2FLG-27GL83A-B-Ultragear-Compatible-Monitor%2Fdp%2FB07YGZL8XF%2Fref%3Dsr_1_64_sspa%3Fdchild%3D1%26keywords%3Dbest%2Bseller%2Bultrawide%2Bmonitor%26qid%3D1620942344%26s%3Dpc%26sr%3D1-64-spons%26psc%3D1&qualifier=1620942344&id=764617226643917&widgetName=sp_mtf
"ASUS VP278QGL 27” Full HD 1920x1080 1ms DP HDMI VGA Adaptive Sync/FreeSync Eye Care Monitor,BLACK",$206.99,4.6 out of 5 stars,663,https://www.amazon.pl/Asus-27-Inch-Screen-Monitor-VP278QGL/dp/B07JJS8PC5/ref=sr_1_65?dchild=1&keywords=best+seller+ultrawide+monitor&qid=1620942344&s=pc&sr=1-65
"HP 27"" Widescreen IPS LED Flat-panel HD Monitor, 1920x1080 at 60Hz, 7ms response time, 178 degrees horizontal and vertical viewing angles, 10,000,000:1 dynamic contrast ratio, HDMI",$217.99,4.7 out of 5 stars,114,https://www.amazon.pl/Widescreen-IPS-LED-Flat-panel-horizontal/dp/B01N66A604/ref=sr_1_67?dchild=1&keywords=best+seller+ultrawide+monitor&qid=1620942344&s=pc&sr=1-67
"AOC I1601FWUX 15.6"" USB-C powered portable monitor, extremely slim, Full HD 1920x1080 IPS, SmartCover, AutoPivot (for devices w/ USB-C DP Alt Mode only)",$137.95,3.9 out of 5 stars,441,https://www.amazon.pl/AOC-i1601fwux-Extremely-Portable-1920x1080/dp/B06Y8SSQG5/ref=sr_1_69?dchild=1&keywords=best+seller+ultrawide+monitor&qid=1620942344&s=pc&sr=1-69
NB North Bayou Monitor Desk Mount Stand Full Motion Swivel Monitor Arm with Gas Spring for 17-30''Monitors(Within 4.4lbs to 19.8lbs) Computer Monitor Stand F80,$27.90,4.5 out of 5 stars,"6,844",https://www.amazon.pl/North-Bayou-Monitor-Computer-14-3lbs/dp/B01AI2YGK4/ref=sr_1_71?dchild=1&keywords=best+seller+ultrawide+monitor&qid=1620942344&s=pc&sr=1-71
"ViewSonic VG2860MHL-4K 28 Inch 4K UHD Ergonomic Monitor with HDMI and DisplayPort for Home and Office, Black",$384.45,4.0 out of 5 stars,61,https://www.amazon.pl/ViewSonic-VG2860MHL-4K-Ergonomic-Monitor-DisplayPort/dp/B00SHZSWC8/ref=sr_1_72?dchild=1&keywords=best+seller+ultrawide+monitor&qid=1620942344&s=pc&sr=1-72
"AOC G2590FX 25"" Framless Gaming Monitor, FHD 1920x1080, 1ms, 144Hz, G-SYNC Compatible+AdaptiveSync, 96% sRGB, DisplayPort/HDMI/VGA, VESA, 25 inch, Black / Red",$230.66,4.6 out of 5 stars,"1,407",https://www.amazon.pl/AOC-G2590FX-Framless-1920x1080-DisplayPort/dp/B07D377Q6D/ref=sr_1_74?dchild=1&keywords=best+seller+ultrawide+monitor&qid=1620942344&s=pc&sr=1-74
"Sceptre IPS 27-Inch Business Computer Monitor 1080p 75Hz with HDMI VGA Build-in Speakers, Machine Black 2020 (E275W-FPT)",$159.19,4.6 out of 5 stars,"1,922",https://www.amazon.pl/Sceptre-Business-Computer-Speakers-e275W-FPT/dp/B089BTLL9K/ref=sr_1_75?dchild=1&keywords=best+seller+ultrawide+monitor&qid=1620942344&s=pc&sr=1-75
"Portable Monitor-2021 Portable Screen 15.6'' IPS 1080P 60Hz Ultra-Slim Type-C & HDMI Second Screen/Mini HDMI Dual Computer/PC/Gaming Monitor, Compatible with Laptop/PC/PS4/Xbox/Switch/Phone/DVD Player",$299.00,5.0 out of 5 stars,1,https://www.amazon.pl/gp/slredirect/picassoRedirect.html/ref=pa_sp_btf_computers_sr_pg3_1?ie=UTF8&adId=A0015080268EY3SHN9R44&url=%2FPortable-Monitor-2021-Ultra-Slim-Computer-Compatible%2Fdp%2FB08Z7153VG%2Fref%3Dsr_1_77_sspa%3Fdchild%3D1%26keywords%3Dbest%2Bseller%2Bultrawide%2Bmonitor%26qid%3D1620942344%26s%3Dpc%26sr%3D1-77-spons%26psc%3D1&qualifier=1620942344&id=764617226643917&widgetName=sp_btf
Eyoyo 10 Inch IPS LCD HDMI Monitor 1920x1200 Full HD Monitor with HDMI/BNC/VGA/USB Input and Speaker for FPV Video Display DVD PC Laptop,$129.99,4.2 out of 5 stars,108,https://www.amazon.pl/gp/slredirect/picassoRedirect.html/ref=pa_sp_btf_computers_sr_pg3_1?ie=UTF8&adId=A07478712YZ2NXHHYVQTS&url=%2FEyoyo-1920x1200-Monitor-Function-Security%2Fdp%2FB01LCULWOE%2Fref%3Dsr_1_78_sspa%3Fdchild%3D1%26keywords%3Dbest%2Bseller%2Bultrawide%2Bmonitor%26qid%3D1620942344%26s%3Dpc%26sr%3D1-78-spons%26psc%3D1&qualifier=1620942344&id=764617226643917&widgetName=sp_btf
Kanex DisplayPort to DisplayPort Cable (DP to DP Cable) 2M 6.5FT - 8K Resolution Ready,$17.10,5.0 out of 5 stars,3,https://www.amazon.pl/gp/slredirect/picassoRedirect.html/ref=pa_sp_atf_next_computers_sr_pg4_1?ie=UTF8&adId=A09142363U4KCT45FJ64E&url=%2FKanex-DisplayPort-Cable-6-5FT-Resolution%2Fdp%2FB0845ZB9Q8%2Fref%3Dsr_1_73_sspa%3Fdchild%3D1%26keywords%3Dbest%2Bseller%2Bultrawide%2Bmonitor%26qid%3D1620942347%26s%3Dpc%26sr%3D1-73-spons%26psc%3D1&qualifier=1620942347&id=2258886111162905&widgetName=sp_atf_next
"C-FORCE 4K Computer Monitor，15.6"" IPS UHD 3840x2160 Screen 60Hz with USB-C RadomPlug Monitor[99% sRGB Wide Color Gamut] for Xbox, Playstation, Nintendo Switch, Mac, S20",$259.99,5.0 out of 5 stars,6,https://www.amazon.pl/gp/slredirect/picassoRedirect.html/ref=pa_sp_atf_next_computers_sr_pg4_1?ie=UTF8&adId=A04452731KAO7NMCWNUHQ&url=%2FComputer-Monitor%25EF%25BC%258C15-6-3840x2160-RadomPlug-Playstation%2Fdp%2FB08TH8BGN2%2Fref%3Dsr_1_74_sspa%3Fdchild%3D1%26keywords%3Dbest%2Bseller%2Bultrawide%2Bmonitor%26qid%3D1620942347%26s%3Dpc%26sr%3D1-74-spons%26psc%3D1%26smid%3DA3773XE8KMETR1&qualifier=1620942347&id=2258886111162905&widgetName=sp_atf_next
"Samsung CF390 Series 27 inch FHD 1920x1080 Curved Desktop Monitor for Business, HDMI, VGA, VESA mountable, 3-Year Warranty, TAA (C27F390FHN), Black",$186.41,4.7 out of 5 stars,"3,255",https://www.amazon.pl/Samsung-27-inch-Business-C27F390FHN-LED-Lit/dp/B01IPHVFUI/ref=sr_1_75?dchild=1&keywords=best+seller+ultrawide+monitor&qid=1620942347&s=pc&sr=1-75
"Acer Nitro VG240Y bmiix 23.8"" Full HD (1920 x 1080) IPS Monitor with AMD Radeon FREESYNC Technology - 1ms VRB | 75Hz Refresh | (2 x HDMI Ports & 1 x VGA),Black",$169.00,4.7 out of 5 stars,"3,485",https://www.amazon.pl/Acer-VG240Y-bmiix-FREESYNC-Technology/dp/B07CYJ47JB/ref=sr_1_76?dchild=1&keywords=best+seller+ultrawide+monitor&qid=1620942347&s=pc&sr=1-76
"AOC C27G1 27"" Curved Frameless Gaming Monitor FHD 1080p, 1800R VA panel, 1ms 144Hz, FreeSync, DP/HDMI/VGA, Height adjustable, VESA, 3-Year Zero Dead Pixels,Black",$304.00,4.7 out of 5 stars,965,https://www.amazon.pl/AOC-C27G1-Frameless-DisplayPort-Adjustable/dp/B07GD5XG5G/ref=sr_1_78?dchild=1&keywords=best+seller+ultrawide+monitor&qid=1620942347&s=pc&sr=1-78
"LG 32QN600-B 32-Inch QHD (2560 x 1440) IPS Monitor with HDR 10, AMD FreeSync with Dual HDMI Inputs, Black",$249.99,4.7 out of 5 stars,"1,587",https://www.amazon.pl/LG-32QN600-B-32-Inch-Monitor-FreeSync/dp/B088YN9LBK/ref=sr_1_80?dchild=1&keywords=best+seller+ultrawide+monitor&qid=1620942347&s=pc&sr=1-80
"SAMSUNG S27R650FDN, SR650 Series 27 inch IPS 1080p 75Hz Computer Monitor for Business with VGA, HDMI, DisplayPort, and USB Hub, 3-Year Warranty",$229.99,4.7 out of 5 stars,392,https://www.amazon.pl/Samsung-Computer-Business-DisplayPort-S27R650FDN/dp/B082X41YXM/ref=sr_1_81?dchild=1&keywords=best+seller+ultrawide+monitor&qid=1620942347&s=pc&sr=1-81
"ViewSonic VX2452MH 24 Inch 2ms 60Hz 1080p Gaming Monitor with HDMI DVI and VGA inputs, Black",$139.99,4.7 out of 5 stars,"4,056",https://www.amazon.pl/ViewSonic-VX2452MH-Gaming-Monitor-inputs/dp/B00EZSUVHK/ref=sr_1_85?dchild=1&keywords=best+seller+ultrawide+monitor&qid=1620942347&s=pc&sr=1-85
"ViewSonic VP2768-4K PRO Professional 27 Inch 4K Monitor with 100% sRGB Rec709 14-bit 3D LUT Color Calibration for Photography and Graphic Design, Black",$499.99,4.5 out of 5 stars,966,https://www.amazon.pl/gp/slredirect/picassoRedirect.html/ref=pa_sp_mtf_computers_sr_pg4_1?ie=UTF8&adId=A09660532IBJHDDX88EA6&url=%2FViewSonic-VP2768-4K-Professional-Calibration-Photography%2Fdp%2FB07FDMGBQ1%2Fref%3Dsr_1_87_sspa%3Fdchild%3D1%26keywords%3Dbest%2Bseller%2Bultrawide%2Bmonitor%26qid%3D1620942347%26s%3Dpc%26sr%3D1-87-spons%26psc%3D1&qualifier=1620942347&id=2258886111162905&widgetName=sp_mtf
ViewSonic VX2276-SMHD 22 Inch 1080p Frameless Widescreen IPS Monitor with HDMI and DisplayPort,$147.99,4.6 out of 5 stars,"1,714",https://www.amazon.pl/gp/slredirect/picassoRedirect.html/ref=pa_sp_mtf_computers_sr_pg4_1?ie=UTF8&adId=A0004488J7FI71YMOYMB&url=%2FViewSonic-VX2276-SMHD-Frameless-Widescreen-DisplayPort%2Fdp%2FB01GE9QSVK%2Fref%3Dsr_1_88_sspa%3Fdchild%3D1%26keywords%3Dbest%2Bseller%2Bultrawide%2Bmonitor%26qid%3D1620942347%26s%3Dpc%26sr%3D1-88-spons%26psc%3D1&qualifier=1620942347&id=2258886111162905&widgetName=sp_mtf
ViewSonic VX3276-MHD 32 Inch 1080p Frameless Widescreen IPS Monitor with Screen Split Capability HDMI and DisplayPort,$242.04,4.7 out of 5 stars,"5,031",https://www.amazon.pl/ViewSonic-VX3276-MHD-Frameless-Widescreen-DisplayPort/dp/B0787WGCXT/ref=sr_1_91?dchild=1&keywords=best+seller+ultrawide+monitor&qid=1620942347&s=pc&sr=1-91
"Dell P Series 21.5"" Screen LED-Lit Monitor Black (P2219H)",$182.00,4.7 out of 5 stars,878,https://www.amazon.pl/Dell-Screen-LED-Lit-Monitor-P2219H/dp/B07F8Z2WFL/ref=sr_1_92?dchild=1&keywords=best+seller+ultrawide+monitor&qid=1620942347&s=pc&sr=1-92
"Acer CB242Y bir 23.8"" Full HD (1920 x 1080) IPS Zero Frame Home Office Monitor with AMD Radeon Free Sync - 1ms VRB, 75Hz Refresh, Height Adjustable Stand with Tilt & Pivot (HDMI & VGA ports),Black",$159.99,4.5 out of 5 stars,472,https://www.amazon.pl/Acer-CB242Y-bir-FreeSync-Technology/dp/B07V9ZM155/ref=sr_1_93?dchild=1&keywords=best+seller+ultrawide+monitor&qid=1620942347&s=pc&sr=1-93
"Acer KG241Q Pbiip 23.6"" Full HD (1920 x 1080) TN 144Hz 1ms Monitor with AMD FreeSync Technology (Display Port & 2 x HDMI)",$199.00,4.6 out of 5 stars,"4,795",https://www.amazon.pl/Acer-KG241Q-Pbiip-FREESYNC-Technology/dp/B07MG85X1M/ref=sr_1_94?dchild=1&keywords=best+seller+ultrawide+monitor&qid=1620942347&s=pc&sr=1-94
"ASUS TUF Gaming 32"" 2K HDR Curved Monitor (VG32VQ) - WQHD (2560 x 1440), 144Hz, 1ms, Extreme Low Motion Blur, Speaker, Adaptive-Sync, FreeSync Premium, VESA Mountable, DisplayPort, HDMI",$419.99,4.6 out of 5 stars,336,https://www.amazon.pl/Gaming-VG32VQ-Curved-Monitor-FreeSync/dp/B07VFKSGRW/ref=sr_1_95?dchild=1&keywords=best+seller+ultrawide+monitor&qid=1620942347&s=pc&sr=1-95
"Planar PLN2770W 27"" LCD Monitor",$163.99,4.5 out of 5 stars,237,https://www.amazon.pl/Planar-PLN2770W-27-LCD-Monitor/dp/B01K1JVUIK/ref=sr_1_97?dchild=1&keywords=best+seller+ultrawide+monitor&qid=1620942347&s=pc&sr=1-97
"ViewSonic VA2452SM_H2 24 Inch Dual Pack Head-Only 1080p LED Monitors with DisplayPort DVI and VGA, Black",$259.99,4.6 out of 5 stars,"1,008",https://www.amazon.pl/ViewSonic-VA2452SM_H2-Head-Only-Monitors-DisplayPort/dp/B01GQP7NXO/ref=sr_1_99?dchild=1&keywords=best+seller+ultrawide+monitor&qid=1620942347&s=pc&sr=1-99
Acer Gaming Monitor 23.6” Curved ED242QR wi 1920 x 1080 75Hz Refresh Rate AMD FREESYNC Technology (HDMI & VGA Ports),$149.99,4.6 out of 5 stars,576,https://www.amazon.pl/Acer-Monitor-ED242QR-FREESYNC-Technology/dp/B0756LBSSQ/ref=sr_1_100?dchild=1&keywords=best+seller+ultrawide+monitor&qid=1620942347&s=pc&sr=1-100
ViewSonic VX3276-MHD 32 Inch 1080p Frameless Widescreen IPS Monitor with Screen Split Capability HDMI and DisplayPort,$242.04,4.7 out of 5 stars,"5,031",https://www.amazon.pl/gp/slredirect/picassoRedirect.html/ref=pa_sp_btf_computers_sr_pg4_1?ie=UTF8&adId=A00041523HCCRD7XD83NQ&url=%2FViewSonic-VX3276-MHD-Frameless-Widescreen-DisplayPort%2Fdp%2FB0787WGCXT%2Fref%3Dsr_1_101_sspa%3Fdchild%3D1%26keywords%3Dbest%2Bseller%2Bultrawide%2Bmonitor%26qid%3D1620942347%26s%3Dpc%26sr%3D1-101-spons%26psc%3D1&qualifier=1620942347&id=2258886111162905&widgetName=sp_btf
BenQ GW2283 Eye Care 22 inch IPS 1080p Monitor | Optimized for Home & Office with Adaptive Brightness Technology,$119.99,4.6 out of 5 stars,"8,040",https://www.amazon.pl/gp/slredirect/picassoRedirect.html/ref=pa_sp_btf_computers_sr_pg4_1?ie=UTF8&adId=A07111993U6J7F8JPNMB9&url=%2FBenQ-GW2283-Optimized-Brightness-Technology%2Fdp%2FB07N5MG9LP%2Fref%3Dsr_1_102_sspa%3Fdchild%3D1%26keywords%3Dbest%2Bseller%2Bultrawide%2Bmonitor%26qid%3D1620942347%26s%3Dpc%26sr%3D1-102-spons%26psc%3D1%26smid%3DA2GJE2QS44F8OO&qualifier=1620942347&id=2258886111162905&widgetName=sp_btf
"USB C to USB C 3.2 Cable (100W -5A -20Gbps - 6.6Ft), ANDNOVA USB C 3.2 Gen 2×2 Cable for HDR Video Output, PD Fast Charging Compatible with MacBook Air Pro Yoga 27 Dell LG 4K 2K Type C Display Monitor",$14.99,4.7 out of 5 stars,601,https://www.amazon.pl/gp/slredirect/picassoRedirect.html/ref=pa_sp_atf_next_computers_sr_pg5_1?ie=UTF8&adId=A029718932UP68ZDCS74T&url=%2FUSB-3-2-Cable-20Gbps-Compatible%2Fdp%2FB087ZQ4S6L%2Fref%3Dsr_1_97_sspa%3Fdchild%3D1%26keywords%3Dbest%2Bseller%2Bultrawide%2Bmonitor%26qid%3D1620942350%26s%3Dpc%26sr%3D1-97-spons%26psc%3D1&qualifier=1620942350&id=7196416143794643&widgetName=sp_atf_next
"ViewSonic VG2439SMH 24 Inch 1080p Ergonomic Monitor with HDMI DisplayPort and VGA for Home and Office, Black",$179.99,4.7 out of 5 stars,"1,218",https://www.amazon.pl/gp/slredirect/picassoRedirect.html/ref=pa_sp_atf_next_computers_sr_pg5_1?ie=UTF8&adId=A103112012PWU6FPXOD0Y&url=%2FViewSonic-VG2439SMH-Ergonomic-Monitor-DisplayPort%2Fdp%2FB00SZ4GGS8%2Fref%3Dsr_1_98_sspa%3Fdchild%3D1%26keywords%3Dbest%2Bseller%2Bultrawide%2Bmonitor%26qid%3D1620942350%26s%3Dpc%26sr%3D1-98-spons%26psc%3D1&qualifier=1620942350&id=7196416143794643&widgetName=sp_atf_next
"Acer ET322QU 32""(31.5"" viewable) Black Freesync 75Hz LED IPS Monitor 2560x1440 Widescreen 16:9 4ms Response Time 250 cd/m2 1000:1 DisplayPort, HDMI, VGA, Speakers",$337.97,4.0 out of 5 stars,23,https://www.amazon.pl/Acer-viewable-Freesync-2560x1440-Widescreen/dp/B07MFM47MG/ref=sr_1_99?dchild=1&keywords=best+seller+ultrawide+monitor&qid=1620942350&s=pc&sr=1-99
ViewSonic VX2458-MHD 24 Inch 1080p 1ms 144 Hz Gaming Monitor with FreeSync Premium Flicker-Free and Blue Light Filter HDMI and DP,$179.99,4.6 out of 5 stars,"1,187",https://www.amazon.pl/ViewSonic-VX2458-MHD-Monitor-FreeSync-Flicker-Free/dp/B07JK6XMSN/ref=sr_1_100?dchild=1&keywords=best+seller+ultrawide+monitor&qid=1620942350&s=pc&sr=1-100
"ViewSonic VA2756-MHD 27 Inch Frameless IPS 1080p Monitor with HDMI DisplayPort and VGA Inputs for Home and Office,Black",$189.99,4.7 out of 5 stars,699,https://www.amazon.pl/ViewSonic-VA2756-MHD-Frameless-Monitor-DisplayPort/dp/B07BV3W5XJ/ref=sr_1_101?dchild=1&keywords=best+seller+ultrawide+monitor&qid=1620942350&s=pc&sr=1-101
"ViewSonic VP2771 Professional 27"" 1440p Monitor USB Type C 100% sRGB Rec709 14-bit 3D LUT Color Calibration for Photography & Graphic Design",$399.99,4.4 out of 5 stars,571,https://www.amazon.pl/ViewSonic-VP2771-Professional-Calibration-Photography/dp/B01LW8JU15/ref=sr_1_103?dchild=1&keywords=best+seller+ultrawide+monitor&qid=1620942350&s=pc&sr=1-103
"Samsung Business CH890 Series 34 inch WQHD 3440x1440 Ultrawide Curved Desktop Monitor for Business, 100 Hz, USB-C, HDMI, DP, 3 Year Warranty (LC34H890WGNXGO), Black/Titanium",$572.95,4.5 out of 5 stars,579,https://www.amazon.pl/Samsung-Business-3440x1440-Ultrawide-LC34H890WGNXGO/dp/B08623SZH9/ref=sr_1_104?dchild=1&keywords=best+seller+ultrawide+monitor&qid=1620942350&s=pc&sr=1-104
"AOC CU34G2X 34"" Curved Frameless Immersive Gaming Monitor, UltraWide QHD 3440x1440, VA Panel, 1ms 144Hz Adaptive-Sync, Height Adjustable, 3-Yr Zero Dead Pixels",$443.93,4.7 out of 5 stars,"8,497",https://www.amazon.pl/AOC-CU34G2X-Frameless-Immersive-Adjustable/dp/B07ZB2TNZZ/ref=sr_1_105?dchild=1&keywords=best+seller+ultrawide+monitor&qid=1620942350&s=pc&sr=1-105
"LG 27MK400H-B Full HD Monitor with FreeSync 27"" Screen (Black)",$146.99,4.6 out of 5 stars,233,https://www.amazon.pl/LG-27MK400H-B-Monitor-FreeSync-Screen/dp/B078TV7NMP/ref=sr_1_107?dchild=1&keywords=best+seller+ultrawide+monitor&qid=1620942350&s=pc&sr=1-107
"ViewSonic VA2719-2K-SMHD 27 Inch IPS 2K 1440p Frameless LED Monitor with HDMI and DisplayPort Inputs for Home and Office , Black",$229.95,4.4 out of 5 stars,529,https://www.amazon.pl/ViewSonic-VA2719-2K-SMHD-Frameless-Monitor-Inputs/dp/B0749R9Q3J/ref=sr_1_108?dchild=1&keywords=best+seller+ultrawide+monitor&qid=1620942350&s=pc&sr=1-108
"ViewSonic VX2457-MHD 24 Inch 75Hz 2ms 1080p Gaming Monitor with FreeSync Eye Care HDMI and DP, Black",$159.99,4.6 out of 5 stars,"2,218",https://www.amazon.pl/ViewSonic-VX2457-MHD-Gaming-Monitor-FreeSync/dp/B018MYTH9U/ref=sr_1_110?dchild=1&keywords=best+seller+ultrawide+monitor&qid=1620942350&s=pc&sr=1-110
"Cooler Master 27 Inch 16:9 Curved PC Gaming Monitor, Ultrawide Frameless Led Full HD 1080P Curve Screen 1500R VA Panel, HDMI 165Hz Built-in Speakers VESA Mounting Tilt & Swivel Adjustment AMD FreeSync",$299.00,4.6 out of 5 stars,108,https://www.amazon.pl/gp/slredirect/picassoRedirect.html/ref=pa_sp_mtf_computers_sr_pg5_1?ie=UTF8&adId=A036183015LC1DU5IOYYX&url=%2FCooler-Master-Frameless-Monitor-1920x1080%2Fdp%2FB084ZLYJ7F%2Fref%3Dsr_1_111_sspa%3Fdchild%3D1%26keywords%3Dbest%2Bseller%2Bultrawide%2Bmonitor%26qid%3D1620942350%26s%3Dpc%26sr%3D1-111-spons%26psc%3D1&qualifier=1620942350&id=7196416143794643&widgetName=sp_mtf
"Touchscreen Monitor, 12 Inch LCD Touch Screen Monitor Pos Systems for Restaurants Bar Point of Sale Cashier Coffee Store PC Touchscreen Display VGA USB",$167.99,3.6 out of 5 stars,17,https://www.amazon.pl/gp/slredirect/picassoRedirect.html/ref=pa_sp_mtf_computers_sr_pg5_1?ie=UTF8&adId=A08333052DPBGW9JMIK1U&url=%2FMonitor-Computer-Restaurant-Designer-Sketching%2Fdp%2FB075CJDGX6%2Fref%3Dsr_1_112_sspa%3Fdchild%3D1%26keywords%3Dbest%2Bseller%2Bultrawide%2Bmonitor%26qid%3D1620942350%26s%3Dpc%26sr%3D1-112-spons%26psc%3D1&qualifier=1620942350&id=7196416143794643&widgetName=sp_mtf
"Acer XF251Q bmiirx 24.5"" Full HD (1920 x 1080) TN Monitor with AMD FREESYNC Technology (2 x HDMI & VGA Port)",$229.70,3.8 out of 5 stars,26,https://www.amazon.pl/Acer-XF251Q-bmiirx-FREESYNC-Technology/dp/B072L2MFT2/ref=sr_1_113?dchild=1&keywords=best+seller+ultrawide+monitor&qid=1620942350&s=pc&sr=1-113
"Philips 246E9QDSB 24"" frameless monitor, Full HD IPS, 129% sRGB, 75Hz, FreeSync, VESA, 4Yr Advance Replacement Warranty",$169.99,4.6 out of 5 stars,"8,454",https://www.amazon.pl/Philips-246E9QDSB-Frameless-1920x1080-FreeSync/dp/B07CK4W58Y/ref=sr_1_114?dchild=1&keywords=best+seller+ultrawide+monitor&qid=1620942350&s=pc&sr=1-114
"Planar PLL2410W 24"" Widescreen LED LCD Monitor",$189.00,4.3 out of 5 stars,256,https://www.amazon.pl/Planar-PLL2410W-Widescreen-LED-Monitor/dp/B008TYDEJS/ref=sr_1_115?dchild=1&keywords=best+seller+ultrawide+monitor&qid=1620942350&s=pc&sr=1-115
"Sceptre E205W-1600 20"" 75Hz Ultra Thin LED Monitor HDMI VGA Build-in Speakers, Metallic Black (2018 version)",$124.99,4.4 out of 5 stars,"3,870",https://www.amazon.pl/Sceptre-E205W-1600-Monitor-Speakers-Metallic/dp/B00S8W8QMG/ref=sr_1_116?dchild=1&keywords=best+seller+ultrawide+monitor&qid=1620942350&s=pc&sr=1-116
"Acer XFA240 bmjdpr 24"" Gaming G-SYNC Compatible Monitor 1920 x 1080, 144hz Refresh Rate, 1ms Response Time with Height, Pivot, Swivel & Tilt, Black",$199.99,4.6 out of 5 stars,"4,333",https://www.amazon.pl/Acer-XFA240-bmjdpr-Response-Technology/dp/B06ZYHZ6R6/ref=sr_1_118?dchild=1&keywords=best+seller+ultrawide+monitor&qid=1620942350&s=pc&sr=1-118
"Trio Max Portable Monitor for Laptop, 14.1"" FHD 1080P Attachable Laptop Screen, USB C/USB A Dual or Triple Displays,13-17"" Laptops Windows/OS/Android/Nintendo Switch(1pc 14"" Monior)",$309.00,4.2 out of 5 stars,372,https://www.amazon.pl/Trio-Portable-Displays-Dual-Side-Lightweight/dp/B077XVQX83/ref=sr_1_119?dchild=1&keywords=best+seller+ultrawide+monitor&qid=1620942350&s=pc&sr=1-119
"Sceptre 35 Inch Curved UltraWide 21: 9 LED Creative Monitor QHD 3440x1440 Frameless AMD Freesync HDMI DisplayPort Up to 100Hz, Machine Black 2020 (C355W-3440UN)",$399.97,4.6 out of 5 stars,"2,173",https://www.amazon.pl/Sceptre-C355W-3440UN-Super-Curved-Ultrawide/dp/B0812DKDD9/ref=sr_1_121?dchild=1&keywords=best+seller+ultrawide+monitor&qid=1620942350&s=pc&sr=1-121
"ViewSonic VA2759-SMH 27 Inch IPS 1080p Frameless LED Monitor with HDMI and VGA Inputs,Black",$169.99,4.6 out of 5 stars,"2,547",https://www.amazon.pl/gp/slredirect/picassoRedirect.html/ref=pa_sp_btf_computers_sr_pg5_1?ie=UTF8&adId=A00321553DWIUK8PZQP45&url=%2FViewSonic-VA2759-SMH-Frameless-Monitor-inputs%2Fdp%2FB01F6UTURM%2Fref%3Dsr_1_125_sspa%3Fdchild%3D1%26keywords%3Dbest%2Bseller%2Bultrawide%2Bmonitor%26qid%3D1620942350%26s%3Dpc%26sr%3D1-125-spons%26psc%3D1&qualifier=1620942350&id=7196416143794643&widgetName=sp_btf
"Portable Monitor, GICHAT Mini 15.6 Inch Computer Display 1920x1080 Full HD IPS Screen USB C Gaming Monitor Dual Speaker with Type-C HDMI for Laptop Xbox PS4 PC MAC Phone iPhone 12 Include Smart Cover",$199.99,4.3 out of 5 stars,25,https://www.amazon.pl/gp/slredirect/picassoRedirect.html/ref=pa_sp_btf_computers_sr_pg5_1?ie=UTF8&adId=A08508513AG1LMPCKPC9F&url=%2FPortable-Monitor-GICHAT-Computer-1920x1080%2Fdp%2FB08K2Q1J7N%2Fref%3Dsr_1_126_sspa%3Fdchild%3D1%26keywords%3Dbest%2Bseller%2Bultrawide%2Bmonitor%26qid%3D1620942350%26s%3Dpc%26sr%3D1-126-spons%26psc%3D1&qualifier=1620942350&id=7196416143794643&widgetName=sp_btf
"USB C to USB C 3.1 Gen 2 Cable (100W -5A -10 Gbps-3.3Ft) USB C Video Cable, ANDNOVA USB Type C PD Fast Charging Compatible with MacBook Air Pro SSD, 4k 60Hz 2k 165Hz 144Hz 120Hz Display Monitor",$11.99,4.7 out of 5 stars,601,https://www.amazon.pl/gp/slredirect/picassoRedirect.html/ref=pa_sp_atf_next_computers_sr_pg6_1?ie=UTF8&adId=A02970891SJICBZSPI35U&url=%2FSuperSpeed-ANDNOVA-Charging-Compatible-Enclosure%2Fdp%2FB07X2VBD81%2Fref%3Dsr_1_121_sspa%3Fdchild%3D1%26keywords%3Dbest%2Bseller%2Bultrawide%2Bmonitor%26qid%3D1620942353%26s%3Dpc%26sr%3D1-121-spons%26psc%3D1&qualifier=1620942353&id=4994400075591943&widgetName=sp_atf_next
"Touchscreen Monitor, EVICIV 7 Inch Portable USB Monitor Raspberry Pi Touch Screen IPS Display Computer Monitor 1024X600 16:9 Game Monitor for Pi 4/3 /2/ Zero/B Raspbian Ubuntu Xbox /PS4 Mac",$84.99,4.4 out of 5 stars,"1,132",https://www.amazon.pl/gp/slredirect/picassoRedirect.html/ref=pa_sp_atf_next_computers_sr_pg6_1?ie=UTF8&adId=A00850221UFZIK58J929&url=%2FEviciv-Portable-Monitor-Display-1024X600%2Fdp%2FB07L6WT77H%2Fref%3Dsr_1_122_sspa%3Fdchild%3D1%26keywords%3Dbest%2Bseller%2Bultrawide%2Bmonitor%26qid%3D1620942353%26s%3Dpc%26sr%3D1-122-spons%26psc%3D1%26smid%3DA2SD07VB4AVEXP&qualifier=1620942353&id=4994400075591943&widgetName=sp_atf_next
"BenQ EL2870U 28 inch 4K Monitor for Gaming 1ms Response Time, FreeSync, HDR, eye-care, speakers",$299.99,4.6 out of 5 stars,"3,852",https://www.amazon.pl/BenQ-EL2870U-Anti-glare-Brightness-Intelligence/dp/B078HWN5CX/ref=sr_1_123?dchild=1&keywords=best+seller+ultrawide+monitor&qid=1620942353&s=pc&sr=1-123
"ASUS VN279QL 27"" Full HD 1920x1080 DisplayPort HDMI VGA Ergonomic Monitor",$209.00,4.6 out of 5 stars,410,https://www.amazon.pl/ASUS-VN279QL-1920x1080-DisplayPort-Ergonomic/dp/B00FE6DNM2/ref=sr_1_125?dchild=1&keywords=best+seller+ultrawide+monitor&qid=1620942353&s=pc&sr=1-125
"VIVO Premium Aluminum Full Motion Dual Monitor Desk Mount Stand with Lift Engine Arm, Pole Extension, and USB Ports, Fits Screens up to 32 inches, STAND-V102BDU",$109.99,4.4 out of 5 stars,187,https://www.amazon.pl/VIVO-Premium-Aluminum-Extension-STAND-V102BDU/dp/B07K6Y7X4G/ref=sr_1_126?dchild=1&keywords=best+seller+ultrawide+monitor&qid=1620942353&s=pc&sr=1-126
"kuman 7 Inch Monitor HD Display 1024x600 IPS Screen for Raspberry Pi 4 B 3 2B B 1 B+ A+ with HDMI VGA Input, Built in Speaker for DVD VCR Car Remote SC7J, Black (SC7J-US)",$58.99,4.3 out of 5 stars,136,https://www.amazon.pl/kuman-Monitor-1024x600-Raspberry-SC7J-US/dp/B081NDZ14N/ref=sr_1_129?dchild=1&keywords=best+seller+ultrawide+monitor&qid=1620942353&s=pc&sr=1-129
"SAMSUNG 34-Inch SJ55W Ultrawide Gaming Monitor (LS34J550WQNXZA) – 75Hz Refresh, WQHD Computer Monitor, 3440 x 1440p Resolution, 4ms Response, FreeSync, Split Screen, HDMI, Black",$390.96,4.5 out of 5 stars,592,https://www.amazon.pl/Samsung-S34J55W-34-Inch-Ultrawide-LS34J550WQNXZA/dp/B07FBS36W2/ref=sr_1_130?dchild=1&keywords=best+seller+ultrawide+monitor&qid=1620942353&s=pc&sr=1-130
NB North Bayou Monitor Desk Mount Long Arm for 22''-35''Monitors from 6.6 to 26.4lbs Ultra Wide Full Motion Swivel Height Adjustable Monitor Stand H100-B,$39.90,4.6 out of 5 stars,84,https://www.amazon.pl/NB-North-Bayou-22-35Monitors-Adjustable/dp/B08CXNR4QY/ref=sr_1_131?dchild=1&keywords=best+seller+ultrawide+monitor&qid=1620942353&s=pc&sr=1-131
"Wimaxit 13.3Inch 1920x1080P IPS HDR Portable USB-C HDMI Monitor Ultra Thin Build in Speaker Dual HDMI Input Gaming Monitor Type-C Travel Monitor for Laptop,Cellphones",$148.99,4.2 out of 5 stars,67,https://www.amazon.pl/Wimaxit-13-3Inch-1920x1080P-Portable-Cellphones/dp/B07VXNN2D3/ref=sr_1_133?dchild=1&keywords=best+seller+ultrawide+monitor&qid=1620942353&s=pc&sr=1-133
"4K USB C Portable Monitor,15.6 Inch 3840×2160 Touchscreen with Dual Type-C/Mini HDMI Port for Laptop PC MAC Raspberry Pi 4 Phone Xbox PS4 Switch",$369.00,3.4 out of 5 stars,29,https://www.amazon.pl/gp/slredirect/picassoRedirect.html/ref=pa_sp_mtf_computers_sr_pg6_1?ie=UTF8&adId=A0269729LXACLJI4C6D0&url=%2FPortable-Monitor-3840%25C3%25972160-Touchscreen-Raspberry%2Fdp%2FB07WH5872D%2Fref%3Dsr_1_135_sspa%3Fdchild%3D1%26keywords%3Dbest%2Bseller%2Bultrawide%2Bmonitor%26qid%3D1620942353%26s%3Dpc%26sr%3D1-135-spons%26psc%3D1&qualifier=1620942353&id=4994400075591943&widgetName=sp_mtf
"LG 32UD60-B 4K UHD FreeSync Monitor with Height Adjustable Stand, Black",$349.99,4.5 out of 5 stars,452,https://www.amazon.pl/gp/slredirect/picassoRedirect.html/ref=pa_sp_mtf_computers_sr_pg6_1?ie=UTF8&adId=A084097732B1EJ6FHUOHG&url=%2FLG-32UD60-B-UHD-Monitor-FreeSync%2Fdp%2FB079H5Z4S8%2Fref%3Dsr_1_136_sspa%3Fdchild%3D1%26keywords%3Dbest%2Bseller%2Bultrawide%2Bmonitor%26qid%3D1620942353%26s%3Dpc%26sr%3D1-136-spons%26psc%3D1&qualifier=1620942353&id=4994400075591943&widgetName=sp_mtf
"Samsung SD850 32"" WQHD (2560x1440) 16:9 Aspect Ratio LED-LitMonitor (LS32D85KTSR/ZA) Titanium Silver/matte Black",$340.99,4.5 out of 5 stars,732,https://www.amazon.pl/Samsung-LS32D85KTSR-ZA-32-Inch-LED-Lit/dp/B00L3KNOF4/ref=sr_1_139?dchild=1&keywords=best+seller+ultrawide+monitor&qid=1620942353&s=pc&sr=1-139
"SAMSUNG 24"" FHD Monitor with Bezel-LESS Design - LS24R350FHNXZA, Dark Blue Gray",$149.99,4.7 out of 5 stars,"6,689",https://www.amazon.pl/Samsung-Monitor-Bezel-LESS-Design-LS24R350FHNXZA/dp/B07Y2QPG3B/ref=sr_1_141?dchild=1&keywords=best+seller+ultrawide+monitor&qid=1620942353&s=pc&sr=1-141
"Dell S-Series 27-Inch Screen LED-Lit Gaming Monitor (S2719DGF); QHD (2560 x 1440) up to 155 Hz; 16:9; 1ms Response time; HDMI 2.0; DP 1.2; USB; FreeSync; LED; Height Adjust, Tilt, Swivel & Pivot",$479.00,4.7 out of 5 stars,"3,497",https://www.amazon.pl/Dell-27-Inch-LED-Lit-Monitor-S2719DGF/dp/B00N2L5CXO/ref=sr_1_142?dchild=1&keywords=best+seller+ultrawide+monitor&qid=1620942353&s=pc&sr=1-142
BenQ PD2700Q 27 inch QHD 1440p IPS Monitor | 100% sRGB | AQCOLOR Technology for Accurate Reproduction Black,$299.00,4.6 out of 5 stars,"1,143",https://www.amazon.pl/BenQ-2560x1440-PD2700Q-Animation-Flicker-Free/dp/B01K1INYWG/ref=sr_1_145?dchild=1&keywords=best+seller+ultrawide+monitor&qid=1620942353&s=pc&sr=1-145
23.8 Inch - 16:9 Aspect Ratio - Computer Privacy Screen Filter for Widescreen Computer Monitor - Anti-Glare - Anti-Scratch Protector Film for Data Confidentiality - Stop Giving Unrestricted Access,$48.99,4.3 out of 5 stars,"1,186",https://www.amazon.pl/23-8-Inch-Anti-Scratch-Confidentiality-Unrestricted/dp/B071YWW82V/ref=sr_1_146?dchild=1&keywords=best+seller+ultrawide+monitor&qid=1620942353&s=pc&sr=1-146
"ASUS VE248H 24"" Full HD 1920x1080 2Ms HDMI DVI VGA Back-Lit LED Monitor,Black",$159.98,4.6 out of 5 stars,"2,649",https://www.amazon.pl/ASUS-VE248H-1920x1080-Back-lit-Monitor/dp/B0043T7FHK/ref=sr_1_148?dchild=1&keywords=best+seller+ultrawide+monitor&qid=1620942353&s=pc&sr=1-148
"Touch Screen, 19 Inch PC LED Monitors High Res Built-in Touch Screen Display 1440x900 Resolution VGA for PC/POS",$259.99,3.8 out of 5 stars,8,https://www.amazon.pl/gp/slredirect/picassoRedirect.html/ref=pa_sp_btf_computers_sr_pg6_1?ie=UTF8&adId=A08334612JHK0BJCV2486&url=%2FInch-Monitor-Touch-Screen-Display%2Fdp%2FB06XS13RC7%2Fref%3Dsr_1_149_sspa%3Fdchild%3D1%26keywords%3Dbest%2Bseller%2Bultrawide%2Bmonitor%26qid%3D1620942353%26s%3Dpc%26sr%3D1-149-spons%26psc%3D1&qualifier=1620942353&id=4994400075591943&widgetName=sp_btf
ViewSonic XG2530 25 Inch 1080p 240Hz 1ms Gaming Monitor with FreeSync Premium Eye Care Advanced Ergonomics HDMI and DP for Esports,$349.99,4.5 out of 5 stars,286,https://www.amazon.pl/gp/slredirect/picassoRedirect.html/ref=pa_sp_btf_computers_sr_pg6_1?ie=UTF8&adId=A0262448DW9JPXNPUMFK&url=%2FViewSonic-XG2530-FreeSync-Advanced-Ergonomics%2Fdp%2FB071DTCPP3%2Fref%3Dsr_1_150_sspa%3Fdchild%3D1%26keywords%3Dbest%2Bseller%2Bultrawide%2Bmonitor%26qid%3D1620942353%26s%3Dpc%26sr%3D1-150-spons%26psc%3D1&qualifier=1620942353&id=4994400075591943&widgetName=sp_btf
"21.5 inch Akamai Computer Privacy Screen (16:9) - Black Security Shield - Desktop Monitor Protector - UV & Blue Light Filter (21.5 inch Diagonally Measured, Black)",$39.99,4.0 out of 5 stars,"1,080",https://www.amazon.pl/gp/slredirect/picassoRedirect.html/ref=pa_sp_atf_next_computers_sr_pg7_1?ie=UTF8&adId=A103874510D0YBFYBEHW5&url=%2FAkamai-Office-Products-Computer-Diagonally%2Fdp%2FB019G32NMY%2Fref%3Dsr_1_145_sspa%3Fdchild%3D1%26keywords%3Dbest%2Bseller%2Bultrawide%2Bmonitor%26qid%3D1620942355%26s%3Dpc%26sr%3D1-145-spons%26psc%3D1&qualifier=1620942355&id=6817853733377496&widgetName=sp_atf_next
"15"" Touch Screen LCD Monitor Display 1024x768 Resolution VGA for PC POS Point of Sale Designer",$188.88,3.6 out of 5 stars,20,https://www.amazon.pl/gp/slredirect/picassoRedirect.html/ref=pa_sp_atf_next_computers_sr_pg7_1?ie=UTF8&adId=A083361719Q0QJK6U6DVX&url=%2FMonitor-Display-1024x768-Resolution-Designer%2Fdp%2FB07CNK7V2L%2Fref%3Dsr_1_146_sspa%3Fdchild%3D1%26keywords%3Dbest%2Bseller%2Bultrawide%2Bmonitor%26qid%3D1620942355%26s%3Dpc%26sr%3D1-146-spons%26psc%3D1&qualifier=1620942355&id=6817853733377496&widgetName=sp_atf_next
"SAMSUNG LC34J791WTNXZA 34-Inch CJ791 Ultrawide Curved Gaming Monitor, White",$699.00,4.5 out of 5 stars,958,https://www.amazon.pl/Samsung-CJ791-Thunderbolt-Curved-Monitor/dp/B07CS3JB5K/ref=sr_1_147?dchild=1&keywords=best+seller+ultrawide+monitor&qid=1620942355&s=pc&sr=1-147
Mount-It! Single Monitor Arm Desk Mount | Gas Spring Monitor Arm | Full Motion Articulating Height Adjustable | Fits 21 22 23 24 27 30 32 Inch VESA Compatible Computer Screen | Clamp and Grommet Base,$67.99,4.4 out of 5 stars,314,https://www.amazon.pl/Mount-Articulating-Adjustable-Compatible-Computer/dp/B01F2SAU3G/ref=sr_1_148?dchild=1&keywords=best+seller+ultrawide+monitor&qid=1620942355&s=pc&sr=1-148
"Ktrio Large Gaming Mouse Pad with Stitched Edges, Extended Mousepad with Superior Micro-Weave Cloth, Non-Slip Base, Water Resist Keyboard Pad, Desk Mat for Gamer, Office & Home, 31.5 x 11.8 in, Black",$14.99,4.8 out of 5 stars,"19,711",https://www.amazon.pl/Extended-Stitched-Mousepad-Premium-Textured-Waterproof/dp/B0788LMLZL/ref=sr_1_149?dchild=1&keywords=best+seller+ultrawide+monitor&qid=1620942355&s=pc&sr=1-149
Acer K242HQL Bbid 23.6-Inch Full HD (1920 x 1080) Widescreen Display,$129.00,3.9 out of 5 stars,295,https://www.amazon.pl/Acer-K242HQL-Bbid-23-6-Inch-Widescreen/dp/B00VX3JUO0/ref=sr_1_150?dchild=1&keywords=best+seller+ultrawide+monitor&qid=1620942355&s=pc&sr=1-150
"ASUS VG279Q 27"" Full HD 1080p IPS 144Hz 1ms (MPRT) DP HDMI DVI Eye Care Gaming Monitor with FreeSync/Adaptive Sync",$289.00,4.7 out of 5 stars,"1,001",https://www.amazon.pl/ASUS-VG279Q-Monitor-FreeSync-Adaptive/dp/B07KXHTRT5/ref=sr_1_152?dchild=1&keywords=best+seller+ultrawide+monitor&qid=1620942355&s=pc&sr=1-152
"Sceptre Curved 30"" 21:9 Gaming LED Monitor 2560x1080p UltraWide Ultra Slim HDMI DisplayPort Up to 85Hz MPRT 1ms FPS-RTS Build-in Speakers, Machine Black (C305W-2560UN)",$238.08,4.6 out of 5 stars,"2,255",https://www.amazon.pl/Sceptre-C305W-2560UN-30-inch-DisplayPort-Build/dp/B07XZNXWGS/ref=sr_1_154?dchild=1&keywords=best+seller+ultrawide+monitor&qid=1620942355&s=pc&sr=1-154
"Sceptre 24"" 75Hz Full HD 1080P LED Monitor HDMI VGA Build In Speakers, Brushed Black 2019 (E248W-19203RS)",$179.99,4.6 out of 5 stars,822,https://www.amazon.pl/Sceptre-Monitor-Speakers-Brushed-E248W-19203S/dp/B07LG5XT8C/ref=sr_1_157?dchild=1&keywords=best+seller+ultrawide+monitor&qid=1620942355&s=pc&sr=1-157
"Samsung Business SH850 Series 24 Inch QHD 2560x1440 Desktop Monitor for Business (In Black) with USB-C, HDMI, DisplayPort, 3-Year Warranty, TAA (S24H850QFN)",$274.99,4.4 out of 5 stars,154,https://www.amazon.pl/Samsung-LS24H850QFNXZA-SH850-24-Monitor/dp/B07166SBNL/ref=sr_1_158?dchild=1&keywords=best+seller+ultrawide+monitor&qid=1620942355&s=pc&sr=1-158
"17"" Touch Screen TFT LCD Monitor Display - 1280x1024 Resolution VGA for PC/POS Graphic Draw Sketching",$208.00,3.5 out of 5 stars,23,https://www.amazon.pl/gp/slredirect/picassoRedirect.html/ref=pa_sp_mtf_computers_sr_pg7_1?ie=UTF8&adId=A0833741318WYNW21OPKZ&url=%2FTouch-Screen-TFT-Monitor-Display%2Fdp%2FB06XRWZFLL%2Fref%3Dsr_1_159_sspa%3Fdchild%3D1%26keywords%3Dbest%2Bseller%2Bultrawide%2Bmonitor%26qid%3D1620942355%26s%3Dpc%26sr%3D1-159-spons%26psc%3D1&qualifier=1620942355&id=6817853733377496&widgetName=sp_mtf
4K Portable Monitor Touchscreen - 15.6 Inch UHD Multi Touch Auto-Rotating HDR FreeSync USB-C Portable Display with Kickstand Dual Type-C Mini HDMI for Laptop PC Phone Mac Surface Xbox PS4 Switch,$499.99,4.6 out of 5 stars,144,https://www.amazon.pl/gp/slredirect/picassoRedirect.html/ref=pa_sp_mtf_computers_sr_pg7_1?ie=UTF8&adId=A09357001BR47J084DH0R&url=%2FPortable-Monitor-Touchscreen-Auto-Rotating-Kickstand%2Fdp%2FB086VJP65W%2Fref%3Dsr_1_160_sspa%3Fdchild%3D1%26keywords%3Dbest%2Bseller%2Bultrawide%2Bmonitor%26qid%3D1620942355%26s%3Dpc%26sr%3D1-160-spons%26psc%3D1%26smid%3DA1C3Y4VIY3AVR5&qualifier=1620942355&id=6817853733377496&widgetName=sp_mtf
"LG 27UL500-W 27-Inch UHD (3840 x 2160) IPS Monitor with Radeon Freesync Technology and HDR10, White",$348.34,4.7 out of 5 stars,"1,898",https://www.amazon.pl/LG-27UL500-W-27-Inch-Freesync-Technology/dp/B07PGL2WVS/ref=sr_1_161?dchild=1&keywords=best+seller+ultrawide+monitor&qid=1620942355&s=pc&sr=1-161
"Samsung 34"" Class Ultrawide Monitor with 21:9 Wide Screen, S34J552WQNXZA (Renewed)",$279.00,4.4 out of 5 stars,122,https://www.amazon.pl/Samsung-Class-Ultrawide-Monitor-S34J552WQNXZA/dp/B08P9RJ1X7/ref=sr_1_162?dchild=1&keywords=best+seller+ultrawide+monitor&qid=1620942355&s=pc&sr=1-162
"Asus VP228HE 21.5” Full HD 1920x1080 1ms HDMI VGA Eye Care Monitor,Blacklight",$99.00,4.5 out of 5 stars,936,https://www.amazon.pl/Asus-VP228HE-21-5-LED-Monitor/dp/B07HY4PSPW/ref=sr_1_163?dchild=1&keywords=best+seller+ultrawide+monitor&qid=1620942355&s=pc&sr=1-163
Portable Monitor - Lepow 15.6 Inch Full HD 1080P USB Type-C Computer Display IPS Eye Care Screen with HDMI Type C Speakers for Laptop PC PS4 Xbox Phone Included Smart Cover & Screen Protector Black,$209.99,4.4 out of 5 stars,"8,758",https://www.amazon.pl/Portable-Monitor-Computer-Speakers-Protector/dp/B07V1SQ966/ref=sr_1_164?dchild=1&keywords=best+seller+ultrawide+monitor&qid=1620942355&s=pc&sr=1-164
"Lenovo L27M-28 27-Inch FHD LED Backlit LCD USB Type-C Monitor, FreeSync, Wide Angle, Narrow Bezel, 75Hz, 4ms, Vesa Mount Capable, 65E6KAC1US, Black",$288.99,4.5 out of 5 stars,239,https://www.amazon.pl/Lenovo-L27M-28-27-Inch-FreeSync-65E6KAC1US/dp/B07QDPG7TG/ref=sr_1_167?dchild=1&keywords=best+seller+ultrawide+monitor&qid=1620942355&s=pc&sr=1-167
"LG 32UD60-B 4K UHD FreeSync Monitor with Height Adjustable Stand, Black",$349.99,4.5 out of 5 stars,452,https://www.amazon.pl/LG-32UD60-B-UHD-Monitor-FreeSync/dp/B079H5Z4S8/ref=sr_1_172?dchild=1&keywords=best+seller+ultrawide+monitor&qid=1620942355&s=pc&sr=1-172
"VIVO Black Heavy Duty Articulating Single Pneumatic Spring Arm Desk Mount Stand, Fits Standard and Large Ultrawide Monitor Screen up to 35 inches with Maximum VESA 200x100, STAND-V101H",$59.95,4.3 out of 5 stars,300,https://www.amazon.pl/gp/slredirect/picassoRedirect.html/ref=pa_sp_btf_computers_sr_pg7_1?ie=UTF8&adId=A074808821UR9LE54XC0C&url=%2FVIVO-Articulating-Pneumatic-UltraWide-STAND-V101H%2Fdp%2FB07NH9TDHC%2Fref%3Dsr_1_173_sspa%3Fdchild%3D1%26keywords%3Dbest%2Bseller%2Bultrawide%2Bmonitor%26qid%3D1620942355%26s%3Dpc%26sr%3D1-173-spons%26psc%3D1&qualifier=1620942355&id=6817853733377496&widgetName=sp_btf
ViewSonic XG3220 32 Inch 60Hz 4K Gaming Monitor with FreeSync HDMI DP Eye Care Advanced Ergonomics and HDR10 for PC and Console Gaming,$476.66,4.5 out of 5 stars,286,https://www.amazon.pl/gp/slredirect/picassoRedirect.html/ref=pa_sp_atf_next_computers_sr_pg8_1?ie=UTF8&adId=A02627282H7GP5RRDB57W&url=%2FViewSonic-XG3220-FreeSync-Advanced-Ergonomics%2Fdp%2FB079S2X4ZS%2Fref%3Dsr_1_169_sspa%3Fdchild%3D1%26keywords%3Dbest%2Bseller%2Bultrawide%2Bmonitor%26qid%3D1620942358%26s%3Dpc%26sr%3D1-169-spons%26psc%3D1&qualifier=1620942358&id=283875668753926&widgetName=sp_atf_next
13.3 inch Akamai Computer Privacy Screen (16:9) - Blue Light Screen Protector - Laptop Anti Glare Screen Protector,$23.99,4.1 out of 5 stars,"1,609",https://www.amazon.pl/gp/slredirect/picassoRedirect.html/ref=pa_sp_atf_next_computers_sr_pg8_1?ie=UTF8&adId=A04591632BWJQU1YCWAQF&url=%2FAkamai-Office-Products-Privacy-Widescreen%2Fdp%2FB06XNZ4N5L%2Fref%3Dsr_1_170_sspa%3Fdchild%3D1%26keywords%3Dbest%2Bseller%2Bultrawide%2Bmonitor%26qid%3D1620942358%26s%3Dpc%26sr%3D1-170-spons%26psc%3D1&qualifier=1620942358&id=283875668753926&widgetName=sp_atf_next
"BenQ EW2780Q IPS Entertainment Monitor with HDMI connectivity HDR Eye-Care Integrated Speakers and Custom Audio Modes, Black, 27"" QHD IPS HDR SPK",$279.99,4.3 out of 5 stars,297,https://www.amazon.pl/BenQ-EW2780Q-Entertainment-connectivity-Integrated/dp/B08412PTXL/ref=sr_1_173?dchild=1&keywords=best+seller+ultrawide+monitor&qid=1620942358&s=pc&sr=1-173
"Dell U2717D IPS 27"" UltraSharp InfinityEdge Slim Widescreen LED LCD Monitor VESA",$599.99,4.4 out of 5 stars,253,https://www.amazon.pl/Dell-U2717D-UltraSharp-InfinityEdge-Widescreen/dp/B01D402Z28/ref=sr_1_174?dchild=1&keywords=best+seller+ultrawide+monitor&qid=1620942358&s=pc&sr=1-174
"Samsung LC27F396FHNXZA Curved Monitor, Black, 27in (Renewed)",$169.00,4.7 out of 5 stars,313,https://www.amazon.pl/Samsung-LC27F396FHNXZA-Curved-Monitor-Renewed/dp/B076561VC1/ref=sr_1_176?dchild=1&keywords=best+seller+ultrawide+monitor&qid=1620942358&s=pc&sr=1-176
"VIVO Premium Silver Aluminum Single Monitor Pneumatic Spring Arm, Adjustable Desk Mount Stand, Fits 1 Screen 17 to 32 inches, STAND-V101SV",$49.95,4.6 out of 5 stars,73,https://www.amazon.pl/VIVO-Aluminum-Pneumatic-Adjustable-STAND-V101SV/dp/B083BLCP8L/ref=sr_1_179?dchild=1&keywords=best+seller+ultrawide+monitor&qid=1620942358&s=pc&sr=1-179
"Asus VA229HR 21.5” Monitor Frameless 1080P 75Hz IPS Eye Care HDMI VGA with 178° Wide Viewing Angle,Black",$109.00,4.6 out of 5 stars,336,https://www.amazon.pl/VA229HR-Monitor-Frameless-1080P-Viewing/dp/B07WMTJGFX/ref=sr_1_181?dchild=1&keywords=best+seller+ultrawide+monitor&qid=1620942358&s=pc&sr=1-181
"LG UltraFine 5K IPS LED Monitor for MacBook Pro, Black, 27"" (Renewed)",$899.00,3.7 out of 5 stars,80,https://www.amazon.pl/LG-27MD5KA-B-Ultrafine-Monitor-Thunderbolt/dp/B07PCNXJ2S/ref=sr_1_182?dchild=1&keywords=best+seller+ultrawide+monitor&qid=1620942358&s=pc&sr=1-182
"Acer R271 bid 27-inch IPS Full HD (1920 x 1080) Display (VGA, DVI & HDMI Ports),Black",$169.99,4.6 out of 5 stars,721,https://www.amazon.pl/Acer-R271-bid-27-inch-Display/dp/B01DM2D8TW/ref=sr_1_183?dchild=1&keywords=best+seller+ultrawide+monitor&qid=1620942358&s=pc&sr=1-183
"SAMSUNG Curved 1920x1080 HDMI VGA Monitor, White, 27""",$278.37,4.6 out of 5 stars,388,https://www.amazon.pl/Samsung-Curved-1920x1080-Monitor-White/dp/B01FE09S2G/ref=sr_1_184?dchild=1&keywords=best+seller+ultrawide+monitor&qid=1620942358&s=pc&sr=1-184
LG 34UM68-P 34-Inch 21:9 UltraWide IPS Monitor with FreeSync,$319.99,4.6 out of 5 stars,759,https://www.amazon.pl/LG-34UM68-P-34-Inch-21-UltraWide/dp/B01BMES072/ref=sr_1_187?dchild=1&keywords=best+seller+ultrawide+monitor&qid=1620942358&s=pc&sr=1-187
"Dell UltraSharp U2412M 24-Inch Screen LED-Lit Monitor, Black",$338.50,4.6 out of 5 stars,"1,533",https://www.amazon.pl/Dell-UltraSharp-24-Inch-LED-Lit-Monitor/dp/B005JN9310/ref=sr_1_188?dchild=1&keywords=best+seller+ultrawide+monitor&qid=1620942358&s=pc&sr=1-188
"AOC G2460PF 24” Gaming Monitor, FreeSync, FHD (1920x1080), TN Panel, 144Hz, 1ms, Height Adjustable, DisplayPort, HDMI, USB",$308.42,4.5 out of 5 stars,"3,489",https://www.amazon.pl/AOC-G2460PF-1920x1080-Adjustable-DisplayPort/dp/B01BV1XBEI/ref=sr_1_189?dchild=1&keywords=best+seller+ultrawide+monitor&qid=1620942358&s=pc&sr=1-189
Mount-It! Monitor Arm Mount Desk Stand | Vertical Stackable Arms | Articulating Gas Springs Height Adjustable | 24 27 29 30 32 Inch VESA 75 100 Compatible Screens | Clamp and Grommet (Dual Monitor),$70.99,4.4 out of 5 stars,122,https://www.amazon.pl/Mount-Stackable-Monitor-Adjustable-Computer/dp/B07G4N37D3/ref=sr_1_190?dchild=1&keywords=best+seller+ultrawide+monitor&qid=1620942358&s=pc&sr=1-190
HP 2XN62AA 27-inch Full HD 1920 x 1080 IPS Backlit LED Micro-Edge VGA HDMI Display,$240.00,4.7 out of 5 stars,"1,906",https://www.amazon.pl/HP-Display-Ultra-Slim-Backlit-Micro-Edge/dp/B07CPCHSV5/ref=sr_1_191?dchild=1&keywords=best+seller+ultrawide+monitor&qid=1620942358&s=pc&sr=1-191
"Dell 24 Inch Gaming Monitor, 1ms response time, Overclocked 144Hz AMD FreeSync",$331.00,4.4 out of 5 stars,91,https://www.amazon.pl/Dell-Gaming-Monitor-response-FreeSync/dp/B07MB7WT39/ref=sr_1_192?dchild=1&keywords=best+seller+ultrawide+monitor&qid=1620942358&s=pc&sr=1-192
"ASUS VG248QE 24"" Full HD 1920x1080 144Hz 1ms HDMI Gaming Monitor,Black",$269.99,4.7 out of 5 stars,"3,869",https://www.amazon.pl/ASUS-VG248QE-1920x1080-Gaming-Monitor/dp/B00B2HH7G0/ref=sr_1_193?dchild=1&keywords=best+seller+ultrawide+monitor&qid=1620942358&s=pc&sr=1-193
"LG 34"" UltraWide IPS FreeSync LED Monitor 2560 x 1080 21:9 34WL600-B",$314.99,4.6 out of 5 stars,194,https://www.amazon.pl/LG-UltraWide-FreeSync-Monitor-2560/dp/B07YRXF62V/ref=sr_1_194?dchild=1&keywords=best+seller+ultrawide+monitor&qid=1620942358&s=pc&sr=1-194
"Acer XF270H Bbmiiprx 27"" Full HD (1920 x 1080) Zero Frame TN AMD FreeSync and NVIDIA G-SYNC Compatible Gaming Monitor - 1ms | 144Hz Refresh (Display Port 1.2 & 2 x HDMI 2.0 Ports),Black",$239.99,4.6 out of 5 stars,807,https://www.amazon.pl/Acer-XF270H-Bbmiiprx-FREESYNC-Technology/dp/B07G3YRT4H/ref=sr_1_194?dchild=1&keywords=best+seller+ultrawide+monitor&qid=1620942360&s=pc&sr=1-194
"Mini DisplayPort to HDMI Adapter, Benfei Mini DP to HDMI Adapter Compatible with MacBook Air/Pro, Microsoft Surface Pro/Dock, Monitor, Projector and More - Grey",$8.59,4.7 out of 5 stars,"7,595",https://www.amazon.pl/DisplayPort-Adapter-Compatible-Microsoft-Projector/dp/B07JDWR6W9/ref=sr_1_195?dchild=1&keywords=best+seller+ultrawide+monitor&qid=1620942360&s=pc&sr=1-195
"LG 34UM69G-B 34-Inch 21:9 UltraWide IPS Monitor with 1ms Motion Blur Reduction and FreeSync,Black",$349.99,4.6 out of 5 stars,"1,010",https://www.amazon.pl/LG-34UM69G-B-34-Inch-UltraWide-Reduction/dp/B06XFXX5JH/ref=sr_1_196?dchild=1&keywords=best+seller+ultrawide+monitor&qid=1620942360&s=pc&sr=1-196
GreenTouch 55 inch 10 points IR touch frame infrared touch screen without glass usb interface free-drive for lcd monitor…,$225.00,4.2 out of 5 stars,60,https://www.amazon.pl/infrared-without-interface-free-drive-monitor/dp/B078X8R9Z3/ref=sr_1_199?dchild=1&keywords=best+seller+ultrawide+monitor&qid=1620942360&s=pc&sr=1-199
"Varifocal Lens USB Camera Full HD 2448P USB Webcam Mini Camera,8 MP USB with Cameras with Sony IMX179,USB2.0 Web Cameras,Plug&Play,5-50mm Varifocal Lens USB Cameras with UVC for Android Linux Windows",$78.99,3.7 out of 5 stars,225,https://www.amazon.pl/Varifocal-Camera-Cameras-Android-Windows/dp/B08B3P9C59/ref=sr_1_200?dchild=1&keywords=best+seller+ultrawide+monitor&qid=1620942360&s=pc&sr=1-200
FHD Monitor 1080×1920 Full HD 7 inch Portable Game Video Touch Monitor IPS Screen Display Mini HDMI USB Hi-Fi Speaker for Raspberry Pi Jetson Nano Mini PC Computer Windows 10/8.1/8 / 7 @XYGStudy,$118.99,3.6 out of 5 stars,4,https://www.amazon.pl/1080%C3%971920-Portable-Raspberry-Computer-XYGStudy/dp/B08937ZPRC/ref=sr_1_201?dchild=1&keywords=best+seller+ultrawide+monitor&qid=1620942360&s=pc&sr=1-201
"Acer SB230 Bbix 23"" Full HD (1920 x 1080) IPS Ultra-Thin Zero Frame Monitor with AMD Radeon FREESYNC Technology - 1ms | 75Hz Refresh (HDMI & VGA ports), Black",$119.99,4.7 out of 5 stars,"1,920",https://www.amazon.pl/Acer-SB230-Bbix-Ultra-Thin-Technology/dp/B07KQV19LH/ref=sr_1_202?dchild=1&keywords=best+seller+ultrawide+monitor&qid=1620942360&s=pc&sr=1-202
NB North Bayou Dual Monitor Desk Mount Stand Full Motion Swivel Computer Monitor Arm for Two Screens 17-27 Inch with 4.4~19.8lbs Load Capacity for Each Display F160,$49.90,4.6 out of 5 stars,"1,864",https://www.amazon.pl/North-Bayou-Monitor-Computer-Screens/dp/B01EHQL3LW/ref=sr_1_204?dchild=1&keywords=best+seller+ultrawide+monitor&qid=1620942360&s=pc&sr=1-204
"2020 HP 14 inch HD Laptop, Intel Celeron N4020 up to 2.8 GHz, 4GB DDR4, 64GB eMMC Storage, WiFi 5, Webcam, HDMI, Windows 10 S /Legendary Accessories (Google Classroom or Zoom Compatible) (White)",$379.99,4.6 out of 5 stars,"1,281",https://www.amazon.pl/HP-14-Laptop-Accessories-Compatible/dp/B08HWBJ5J2/ref=sr_1_205?dchild=1&keywords=best+seller+ultrawide+monitor&qid=1620942360&s=pc&sr=1-205
"LG 34WK650-W 34"" UltraWide 21:9 IPS Monitor with HDR10 and FreeSync (2018), Black/White",$398.96,4.7 out of 5 stars,"1,008",https://www.amazon.pl/LG-34WK650-W-34-UltraWide-21/dp/B078GSH1LV/ref=sr_1_206?dchild=1&keywords=best+seller+ultrawide+monitor&qid=1620942360&s=pc&sr=1-206
"LG 34WL850-W 34 inch 21: 9 UltraWide QHD Nano IPS Monitor with Thunderbolt 3, Silver/White",$796.99,4.3 out of 5 stars,143,https://www.amazon.pl/LG-34WL850-W-inch-UltraWide-Thunderbolt/dp/B07Q3X33Q1/ref=sr_1_208?dchild=1&keywords=best+seller+ultrawide+monitor&qid=1620942360&s=pc&sr=1-208
"ViewSonic VA2055SM 20 Inch 1080p LED Monitor with VGA Input and Enhanced Viewing Comfort,Black",$109.99,4.4 out of 5 stars,757,https://www.amazon.pl/ViewSonic-VA2055SM-Monitor-Enhanced-Viewing/dp/B010BEDSE4/ref=sr_1_209?dchild=1&keywords=best+seller+ultrawide+monitor&qid=1620942360&s=pc&sr=1-209
"Sceptre 34-inch Curved UltraWide 21: 9 Creative LED Monitor 2560x1080 Frameless HDMI DisplayPort Up to 100Hz, Machine Black 2020 (C345W-2560UN)",$342.26,4.7 out of 5 stars,"1,116",https://www.amazon.pl/Sceptre-C345W-2560UN-34-inch-Curved-Ultrawide/dp/B0812DHWCJ/ref=sr_1_210?dchild=1&keywords=best+seller+ultrawide+monitor&qid=1620942360&s=pc&sr=1-210
Touchscreen Portable USB Monitor Virzen HDMI Gaming Display Screen 1920x1080 IPS 13.3-inch USB-C 60Hz 10 Points Capacitive Touch for Computer Laptop Raspberry Pi PS4 Consoles,$209.99,4.3 out of 5 stars,101,https://www.amazon.pl/Touchscreen-Virzen-1920x1080-13-3-inch-Capacitive/dp/B07W4LGXD9/ref=sr_1_212?dchild=1&keywords=best+seller+ultrawide+monitor&qid=1620942360&s=pc&sr=1-212
"HUANUO Dual Monitor Stand with Extra Tall Pole 39.37 inch, Fully Adjustable Monitor Mount, C Clamp & Grommet Mounting Base",$38.99,4.5 out of 5 stars,479,https://www.amazon.pl/HUANUO-Monitor-Adjustable-Grommet-Mounting/dp/B082KWH2RL/ref=sr_1_219?dchild=1&keywords=best+seller+ultrawide+monitor&qid=1620942363&s=pc&sr=1-219
"Computer Monitor Mount Stand, Universal Small TV Stand,14-27In Table Top Monitor Swivel Mount Adjustable VESA 50 75 100mm 360 Rotation 180 Tilt TV Base for LED LCD OLED Flat Screen PC Monitor / TVs",$22.97,4.1 out of 5 stars,8,https://www.amazon.pl/Computer-Monitor-Mount-Stand-Desktop/dp/B08GQ9JY3C/ref=sr_1_220?dchild=1&keywords=best+seller+ultrawide+monitor&qid=1620942363&s=pc&sr=1-220
"Single Monitor Stand - Gas Spring Single Arm Monitor Stand Desk VESA Mount for 13 to 32 Inch Screen with Clamp, Grommet Mounting Base",$27.99,4.4 out of 5 stars,714,https://www.amazon.pl/Single-Monitor-Stand-Grommet-Mounting/dp/B07L85LZ6G/ref=sr_1_221?dchild=1&keywords=best+seller+ultrawide+monitor&qid=1620942363&s=pc&sr=1-221
"Mind Reader Monitor Stand, Monitor Riser for Computer, Laptop, Desk, iMac, Metal Mesh, Black",$20.98,4.5 out of 5 stars,440,https://www.amazon.pl/Mind-Reader-Monitor-Computer-Laptop/dp/B078GDLHYD/ref=sr_1_223?dchild=1&keywords=best+seller+ultrawide+monitor&qid=1620942363&s=pc&sr=1-223
"4K USB C Portable Monitor,15.6 Inch 3840×2160 Touchscreen with Dual Type-C/Mini HDMI Port for Laptop PC MAC Raspberry Pi 4 Phone Xbox PS4 Switch",$369.00,3.4 out of 5 stars,29,https://www.amazon.pl/Portable-Monitor-3840%C3%972160-Touchscreen-Raspberry/dp/B07WH5872D/ref=sr_1_224?dchild=1&keywords=best+seller+ultrawide+monitor&qid=1620942363&s=pc&sr=1-224
Dell 24-inch LED Widescreen Monitor,$229.88,4.5 out of 5 stars,518,https://www.amazon.pl/Dell-24-inch-LED-Widescreen-Monitor/dp/B074GZVGF1/ref=sr_1_225?dchild=1&keywords=best+seller+ultrawide+monitor&qid=1620942363&s=pc&sr=1-225
"HUANUO Single Monitor Desk Mount Stand Fully Adjustable fits 13 to 32 inch Screens, Adjustable Height, Tilt, Swivel, Rotation,22 lbs Weight Capacity per Arm",$19.99,4.5 out of 5 stars,467,https://www.amazon.pl/HUANUO-Monitor-Adjustable-Rotation-Capacity/dp/B088KN742L/ref=sr_1_226?dchild=1&keywords=best+seller+ultrawide+monitor&qid=1620942363&s=pc&sr=1-226
VIOTEK NV32Q True 4K Monitor 32-Inch Curved | 60Hz 4ms (OD) Streaming-Ready 3840 x 2160p Monitor for Gaming/Movies | HDR-Ready 1500R VA Panel w/FreeSync | HDMI 2.0 DP 1.2 Audio Out (VESA),$322.13,4.5 out of 5 stars,"5,110",https://www.amazon.pl/Monitor-32-Inch-Streaming-Ready-HDR-Ready-FreeSync/dp/B07ZJV2MQV/ref=sr_1_227?dchild=1&keywords=best+seller+ultrawide+monitor&qid=1620942363&s=pc&sr=1-227
"DisplayPort to HDMI Cable [4K UHD], STARWARE Uni-Directional Display Port/DP to HDMI Male to Male Cable Compatible with Lenovo, HP, DELL, GPU, AMD, NVIDIA, etc-6ft/1.8m",$10.99,4.6 out of 5 stars,485,https://www.amazon.pl/DisplayPort-STARWARE-Supporting-Supported-Displays-6ft/dp/B086W64N52/ref=sr_1_228?dchild=1&keywords=best+seller+ultrawide+monitor&qid=1620942363&s=pc&sr=1-228
"Acer K Series LCD,K242HQL Cbid,24inch Wide (23.6inch viewable) ,1920 x 1080,1000",$148.97,5.0 out of 5 stars,2,https://www.amazon.pl/Acer-K242HQL-24inch-23-6inch-viewable/dp/B01N05YNRP/ref=sr_1_229?dchild=1&keywords=best+seller+ultrawide+monitor&qid=1620942363&s=pc&sr=1-229
"G-STORY 15.6"" 165Hz Portable Monitor, 1080P FHD 144Hz 1ms Gaming Monitor IPS Screen Portable Monitor External Secondary Display with Type-C/HDMI/DP Input for PC Phone Laptop Nintendo Xbox PS5 PS4",$298.98,4.3 out of 5 stars,62,https://www.amazon.pl/Portable-G-STORY-FreeSync-Speakers-Nintendo/dp/B08B8471BF/ref=sr_1_230?dchild=1&keywords=best+seller+ultrawide+monitor&qid=1620942363&s=pc&sr=1-230
"USB C to USB C 3.1 Gen 2 Cable (100W -5A -10 Gbps-3.3Ft) USB C Video Cable, ANDNOVA USB Type C PD Fast Charging Compatible with MacBook Air Pro SSD, 4k 60Hz 2k 165Hz 144Hz 120Hz Display Monitor",$11.99,4.7 out of 5 stars,601,https://www.amazon.pl/SuperSpeed-ANDNOVA-Charging-Compatible-Enclosure/dp/B07X2VBD81/ref=sr_1_232?dchild=1&keywords=best+seller+ultrawide+monitor&qid=1620942363&s=pc&sr=1-232
"Cable Matters 4K DisplayPort to DisplayPort Cable (DP to DP Cable, Display Port Cable) 10 Feet - 4K 60Hz, 2K 144Hz Monitor Support",$12.99,4.7 out of 5 stars,"9,737",https://www.amazon.pl/Cable-Matters-DisplayPort-Feet-Resolution/dp/B00TTQ306M/ref=sr_1_233?dchild=1&keywords=best+seller+ultrawide+monitor&qid=1620942363&s=pc&sr=1-233
"Deco Gear 35"" Curved Ultrawide LED Gaming Monitor 21:9 Aspect Ratio, Crisp 2560 x 1080 Resolution, 16.7 Million Colors, 75 HZ Refresh Rate, 2000:1 Contrast Ratio, (HDMI, DVI, and DP Connections)",$319.99,4.7 out of 5 stars,322,https://www.amazon.pl/Deco-Gear-Curved-Ultrawide-Monitor/dp/B07NPT78C6/ref=sr_1_236?dchild=1&keywords=best+seller+ultrawide+monitor&qid=1620942363&s=pc&sr=1-236
"VIVO Glass Ergonomic Tabletop Riser, Triangle Desktop Universal Corner Stand for Computer Monitor and Laptop STAND-V000Q",$21.95,4.7 out of 5 stars,"1,247",https://www.amazon.pl/VIVO-Ergonomic-Tabletop-Universal-STAND-V000Q/dp/B01NH0HHN9/ref=sr_1_237?dchild=1&keywords=best+seller+ultrawide+monitor&qid=1620942363&s=pc&sr=1-237
"Metiya Dual Monitor Mount Stand Full Motion Gas Spring Double Monitor Arms for Two Screens 17-32 Inch with 17.6lbs Loading for Each Monitor, Black",$65.99,4.5 out of 5 stars,242,https://www.amazon.pl/HumanOffice-Monitor-Screens-17-6lbs-Loading/dp/B082D6NF9G/ref=sr_1_238?dchild=1&keywords=best+seller+ultrawide+monitor&qid=1620942363&s=pc&sr=1-238
"Sceptre 30-inch Curved Gaming Monitor 21:9 2560x1080 Ultra Wide Ultra Slim HDMI DisplayPort up to 200Hz Build-in Speakers, Metal Black (C305B-200UN)",$419.99,4.6 out of 5 stars,"6,688",https://www.amazon.pl/Sceptre-30-inch-Curved-Gaming-Monitor/dp/B07TXM7K4T/ref=sr_1_242?dchild=1&keywords=best+seller+ultrawide+monitor&qid=1620942365&s=pc&sr=1-242
"USB-IF Certified Cable Matters 10 Gbps Gen 2 USB C to USB C Cable with 8K Video and 100W Power Delivery in White 3.3 Feet, 1m",$13.99,4.6 out of 5 stars,674,https://www.amazon.pl/USB-IF-Certified-Cable-Matters-Delivery/dp/B01L0F6IK4/ref=sr_1_243?dchild=1&keywords=best+seller+ultrawide+monitor&qid=1620942365&s=pc&sr=1-243
"Acer Gaming Monitor 23.6” Curved ED242QR Abidpx 1920 x 1080 144Hz Refresh Rate AMD FREESYNC Technology (Display Port, HDMI & DVI Ports),Black",$169.99,4.6 out of 5 stars,487,https://www.amazon.pl/Acer-ED242QR-Abidpx-FREESYNC-Technology/dp/B07598HLB5/ref=sr_1_245?dchild=1&keywords=best+seller+ultrawide+monitor&qid=1620942365&s=pc&sr=1-245
"LG 32GK650F-B 32"" QHD Gaming Monitor with 144Hz Refresh Rate and Radeon FreeSync Technology (Renewed)",$328.99,4.4 out of 5 stars,70,https://www.amazon.pl/LG-32GK650F-B-Monitor-FreeSync-Technology/dp/B07S9H3HM9/ref=sr_1_246?dchild=1&keywords=best+seller+ultrawide+monitor&qid=1620942365&s=pc&sr=1-246
AC Adapter for HP-Pavilion-Monitor 20 21.5 23 23.8 25 27 Inch Power Supply: UL Listed Extra Long Cord IPS LED Backlit Full HD Display ADPC1945 !Check Voltage/Models Photo!,$22.99,4.4 out of 5 stars,484,https://www.amazon.pl/HP-Pavilion-MONITOR-Backlit-DISPLAY-Charger-Adapter-Power-Cord-ADPC1945/dp/B00JRJ6CVQ/ref=sr_1_247?dchild=1&keywords=best+seller+ultrawide+monitor&qid=1620942365&s=pc&sr=1-247
12.5 Inch - 16:9 Aspect Ratio - Laptop Privacy Screen Filter for Widescreen Laptop - Notebook - Anti-Glare - Anti-Scratch Protector Film for Data confidentiality,$24.93,4.2 out of 5 stars,375,https://www.amazon.pl/12-5-Inch-Widescreen-Anti-Scratch-confidentiality/dp/B07B7RCCFH/ref=sr_1_248?dchild=1&keywords=best+seller+ultrawide+monitor&qid=1620942365&s=pc&sr=1-248
"Usb Camera 5 Megapixel 2592X1944 Webcam with Aptina MI5100 CMOS Sensor and Aluminum Mini Case,Usb with Cameras with 100 Degree No Distortion Lens,Web cams with UVC for Use in Android Windows Linux Mac",$56.99,3.3 out of 5 stars,12,https://www.amazon.pl/Megapixel-2592X1944-Aluminum-Cameras-Distortion/dp/B07MG5B9W7/ref=sr_1_249?dchild=1&keywords=best+seller+ultrawide+monitor&qid=1620942365&s=pc&sr=1-249
"Monitor Stand Riser Computer Laptop Printer Desk Storage Organizer, Height Adjustable Shelf - 2 Pack Black",$19.99,4.6 out of 5 stars,711,https://www.amazon.pl/Monitor-Stand-Computer-Riser-Adjustable/dp/B010E8N5E0/ref=sr_1_250?dchild=1&keywords=best+seller+ultrawide+monitor&qid=1620942365&s=pc&sr=1-250
"Sceptre 24 Inch Ultra Thin Ultra Slim 1080P 75Hz LED Monitor HDMI VGA, Metal Black (E248W-1920R)",$224.99,4.5 out of 5 stars,"2,053",https://www.amazon.pl/Sceptre-E248W-1920R-Ultra-1080p-Monitor/dp/B01HIA63AU/ref=sr_1_251?dchild=1&keywords=best+seller+ultrawide+monitor&qid=1620942365&s=pc&sr=1-251
HDMI KVM Switch 4 Ports 4K@60Hz 4:2:0 by J-Tech Digital with HDMI and USB Cables Support Quick Switch USB 2.0 Hub HotKey Push Button Wired Desktop Controller Auto Scan (JTECH-KV41),$89.95,3.1 out of 5 stars,24,https://www.amazon.pl/HDMI-KVM-Switch-Ports-60Hz/dp/B088WDDQQ2/ref=sr_1_253?dchild=1&keywords=best+seller+ultrawide+monitor&qid=1620942365&s=pc&sr=1-253
StarTech.com Desk Mount Monitor Arm - Full Motion Articulating - Monitors 12” to 34” Adjustable VESA Single Monitor Arm - Desk & Grommet Clamp - Black (ARMPIVOTE) Desk Mount - Black,$73.90,4.3 out of 5 stars,62,https://www.amazon.pl/StarTech-com-Single-Monitor-Mount-Gas-spring/dp/B00METZBW2/ref=sr_1_255?dchild=1&keywords=best+seller+ultrawide+monitor&qid=1620942365&s=pc&sr=1-255
"Varifocal Lens USB Webcam Mini Camera 2.8-12mm 8 Megapixel Sony IMX179 USB with Cameras High Definiton 3264X2448 USB2.0 Webcamera,Usb Computer Webcam Support Most OS/UVC Protocol/Most OS/Free Driver",$74.99,3.6 out of 5 stars,70,https://www.amazon.pl/Varifocal-2-8-12mm-Megapixel-Definiton-3264X2448/dp/B07R9MBB6Q/ref=sr_1_258?dchild=1&keywords=best+seller+ultrawide+monitor&qid=1620942365&s=pc&sr=1-258
Mafiti Computer Office Keyboard Wired USB 104 Keys Full Size White Backlit Compatible PC Mac Laptop Desktop Windows,$14.99,4.2 out of 5 stars,534,https://www.amazon.pl/Computer-Keyboard-Backlit-Compatible-Desktop/dp/B087F5QDS5/ref=sr_1_262?dchild=1&keywords=best+seller+ultrawide+monitor&qid=1620942365&s=pc&sr=1-262
"2.8-12mm Varifocal Lens USB Camera High fps Full HD 1080p Web Camera with CMOS OV2710 Image Sensor,640X480@100fps USB2.0 Webcam Manual Zoom&Focus USB with Camera UVC for Use in Linux Windows Android",$58.99,3.7 out of 5 stars,27,https://www.amazon.pl/2-8-12mm-Varifocal-640X480-Windows-Android/dp/B07PNHGMCP/ref=sr_1_263?dchild=1&keywords=best+seller+ultrawide+monitor&qid=1620942365&s=pc&sr=1-263
"LG 34WN650-W 34-Inch 21:9 UltraWide Full HD (2560 x 1080) IPS Display with VESA DisplayHDR 400 and AMD FreeSync, Silver",$399.99,4.7 out of 5 stars,377,https://www.amazon.pl/LG-34WN650-W-34-Inch-UltraWide-DisplayHDR/dp/B087JB656Q/ref=sr_1_264?dchild=1&keywords=best+seller+ultrawide+monitor&qid=1620942365&s=pc&sr=1-264
"Cable Matters 4K Mini DisplayPort to DisplayPort Cable (DisplayPort to Mini DisplayPort) in Black 6 Feet - 4K 60Hz, 2K 144Hz Monitor Support",$7.99,4.6 out of 5 stars,"2,673",https://www.amazon.pl/Cable-Matters-Mini-DisplayPort-Black/dp/B00C7RJQPY/ref=sr_1_265?dchild=1&keywords=best+seller+ultrawide+monitor&qid=1620942368&s=pc&sr=1-265
Cable Matters Aluminum USB C to HDMI Adapter in Space Gray for Surface Pro 7 and More - Support 4K 60Hz and HDR,$17.99,4.6 out of 5 stars,161,https://www.amazon.pl/Cable-Matters-Aluminum-Adapter-Braided/dp/B07S9H169Z/ref=sr_1_268?dchild=1&keywords=best+seller+ultrawide+monitor&qid=1620942368&s=pc&sr=1-268
"BSG 8MP USB Camera Module Sony IMX179 Sensor with 180degree Fisheye Lens,Support 3264x2448,UVC Compliant,Support Most OS,Focus Adjustable USB with Cameras High Speed USB2.0 Webcam,Plug and Play",$58.99,3.6 out of 5 stars,24,https://www.amazon.pl/180degree-Fisheye-3264x2448-Compliant-Adjustable/dp/B07N178VP9/ref=sr_1_269?dchild=1&keywords=best+seller+ultrawide+monitor&qid=1620942368&s=pc&sr=1-269
"USB Camera 8MP USB Webcam Mini Camera,High Definition 2448P USB with Cameras,Wide Angle 180 Degree Fisheye Lens Cameras USB,Sony IMX179,Plug&Play Webcams,USB Cameras with UVC for Windows,Android,Mac",$64.99,4.0 out of 5 stars,4,https://www.amazon.pl/Definition-Cameras-Fisheye-Webcams-Windows/dp/B089R4GFWQ/ref=sr_1_272?dchild=1&keywords=best+seller+ultrawide+monitor&qid=1620942368&s=pc&sr=1-272
HP DisplayPort to HDMI 1.4 Adapter (F3W43AA),$19.95,4.7 out of 5 stars,417,https://www.amazon.pl/HP-DisplayPort-HDMI-Adapter-F3W43AA/dp/B00H37FY8Q/ref=sr_1_274?dchild=1&keywords=best+seller+ultrawide+monitor&qid=1620942368&s=pc&sr=1-274
StarTech.com Wall Mount Monitor Arm - Full Motion Articulating - Adjustable - Supports Monitors 12” to 34” - VESA Monitor Wall Mount - Black (ARMPIVWALL),$121.99,3.9 out of 5 stars,9,https://www.amazon.pl/StarTech-com-Wall-Mount-Monitor-Arm/dp/B01JME5KG8/ref=sr_1_275?dchild=1&keywords=best+seller+ultrawide+monitor&qid=1620942368&s=pc&sr=1-275
"Mini DisplayPort to DisplayPort Cable, 3.3 Feet, iVANKY 4K@60Hz/2K@144Hz Mini DP to DP Cable, Thunderbolt to DisplayPort Cable Compatible with MacBook Air/Pro, Surface Pro/Dock and More - Space Grey",$12.99,4.7 out of 5 stars,"2,937",https://www.amazon.pl/DisplayPort-Thunderbolt-Compatible-MacBook-Surface/dp/B081YXC9SR/ref=sr_1_276?dchild=1&keywords=best+seller+ultrawide+monitor&qid=1620942368&s=pc&sr=1-276
"Mini DisplayPort to DisplayPort Cable, BENFEI Mini DP(Thunderbolt Compatible) to DP 6 Feet Cable (Male to Male) Gold-Plated Cord, Supports Supports 4K@60Hz, 2K@144Hz",$7.85,4.6 out of 5 stars,"1,379",https://www.amazon.pl/DisplayPort-Thunderbolt-Compatible-Display-Gold-Plated/dp/B0731GNYCN/ref=sr_1_277?dchild=1&keywords=best+seller+ultrawide+monitor&qid=1620942368&s=pc&sr=1-277
"5 MP 170 Degree Fisheye Lens USB Webcam Mini Camera Module High Definition 2592X1944 Webcam Aptina MI5100 USB with Camera,Wide Angle Camera Support Most OS,UVC Compliant,Plug&Play USB2.0 Web Cameras",$56.99,5.0 out of 5 stars,1,https://www.amazon.pl/Fisheye-Definition-2592X1944-Support-Compliant/dp/B07M7J8X1V/ref=sr_1_280?dchild=1&keywords=best+seller+ultrawide+monitor&qid=1620942368&s=pc&sr=1-280
"AOC AG271QG, AG271QG",$860.16,4.3 out of 5 stars,229,https://www.amazon.pl/AOC-AG271QG-Black-computer-monitor/dp/B01GTODWPU/ref=sr_1_282?dchild=1&keywords=best+seller+ultrawide+monitor&qid=1620942368&s=pc&sr=1-282
Dell P2414H 24-Inch Screen LED-Lit Monitor (Discontinued by Manufacturer),$279.99,4.4 out of 5 stars,556,https://www.amazon.pl/Dell-24-Inch-LED-Lit-Discontinued-Manufacturer/dp/B00EMB4KVI/ref=sr_1_283?dchild=1&keywords=best+seller+ultrawide+monitor&qid=1620942368&s=pc&sr=1-283
"Thunderbolt / DisplayPort to HDMI Adapter | Compatible to Mirror Your MacBooks & PCs Screen to Your Monitor & Projector | 20cm, White Gold-Plated Cable | Does NOT Work with Smartphones",$9.99,4.3 out of 5 stars,207,https://www.amazon.pl/Mobi-LockTM-DisplayPort-Compatible-Thunderbolt/dp/B00NLL5P2I/ref=sr_1_284?dchild=1&keywords=best+seller+ultrawide+monitor&qid=1620942368&s=pc&sr=1-284
"Varifocal Lens Usb Camera Full HD 2448P Usb Webcam Mini Camera,8 MP High Definition Usb with Cameras,USB2.0 Web Cameras,Plug&Play,2.8-12mm Varifocal Lens USB Cameras with UVC for Android Linux Windows",$69.99,3.9 out of 5 stars,22,https://www.amazon.pl/Varifocal-Definition-Cameras-2-8-12mm-Android/dp/B089SKYCC5/ref=sr_1_286?dchild=1&keywords=best+seller+ultrawide+monitor&qid=1620942368&s=pc&sr=1-286
"Deco Gear 35"" Curved Ultrawide E-LED Gaming Monitor, 21:9 Aspect Ratio, Immersive 3440x1440 Resolution, 100Hz Refresh Rate, 3000:1 Contrast Ratio (DGVIEW201)",$399.99,4.6 out of 5 stars,125,https://www.amazon.pl/Deco-Gear-Curved-Ultrawide-Monitor/dp/B07WG3Z6W1/ref=sr_1_288?dchild=1&keywords=best+seller+ultrawide+monitor&qid=1620942368&s=pc&sr=1-288
"4K Mini DisplayPort to DisplayPort Cable 6.6ft [4K@60Hz,2K@165Hz,2K@144Hz],Sweguard Mini DP to DP 1.2 Cable,Thunderbolt 2 to DP Cord for MacBook Air/Pro,Surface Pro/Dock,Monitor,Projector&More-Grey",$9.99,4.6 out of 5 stars,303,https://www.amazon.pl/Displayport-Sweguard-Thunderbolt-Supports-Projector-Grey/dp/B085CD46F8/ref=sr_1_290?dchild=1&keywords=best+seller+ultrawide+monitor&qid=1620942371&s=pc&sr=1-290
Nixeus EDG 34” Ultrawide 3440 x 1440 AMD Radeon FreeSync Certified 144Hz 1500R Curved Gaming Monitor with Tilt Only Stand (NX-EDG34S),$549.99,4.5 out of 5 stars,283,https://www.amazon.pl/Nixeus-Ultrawide-FreeSync-Certified-NX-EDG34S/dp/B07ZG7R5BB/ref=sr_1_291?dchild=1&keywords=best+seller+ultrawide+monitor&qid=1620942371&s=pc&sr=1-291
"iNassen HDMI to VGA ,HDMI to VGA Adapter (Male to Female)【1080P@60hz High Refresh Rate】 Certified hdmi to vga Converter for Monitor ,Computer, Desktop, Laptop, PC, Projector, HDTV, Roku",$6.99,4.3 out of 5 stars,69,https://www.amazon.pl/Headphone-Earphone-Splitter-Connector-Accessories/dp/B07SF6WPHG/ref=sr_1_292?dchild=1&keywords=best+seller+ultrawide+monitor&qid=1620942371&s=pc&sr=1-292
"Webcamera usb 8MP 5-50mm Varifocal Lens USB Camera Sony IMX179 Sensor,Webcam Support 3264X2448@15fps,UVC Compliant Webcamera Support Most OS,Focus Adjustable USB with Cameras,High Speed USB2.0 Webcams",$78.99,4.2 out of 5 stars,19,https://www.amazon.pl/Webcamera-5-50mm-Varifocal-3264X2448-Adjustable/dp/B089JYLFG1/ref=sr_1_295?dchild=1&keywords=best+seller+ultrawide+monitor&qid=1620942371&s=pc&sr=1-295
"Varifocal Lens USB Webcam Mini Camera 2.8-12mm 8 Megapixel Sony IMX179 USB with Cameras High Definiton 3264X2448 USB2.0 Webcamera,Usb Computer Webcam Support Most OS/UVC Protocol/Most OS/Free Driver",$76.99,4.0 out of 5 stars,26,https://www.amazon.pl/Varifocal-2-8-12mm-Megapixel-Definiton-3264X2448/dp/B07R8HTPF1/ref=sr_1_296?dchild=1&keywords=best+seller+ultrawide+monitor&qid=1620942371&s=pc&sr=1-296
"LinkinPerk 8K DisplayPort Cable, DisplayPort to DisplayPort 1.4 Support 8K@60Hz(7680x4320) Resolution, 4K@144Hz, 32.4Gbps, HDR, HBR3, HDCP2.2 for PC, Laptop,HDTV Monitor (6FT)",$8.99,4.7 out of 5 stars,80,https://www.amazon.pl/LinkinPerk-DisplayPort-7680x4320-Resolution-32-4Gbps/dp/B08BC9Y4V4/ref=sr_1_297?dchild=1&keywords=best+seller+ultrawide+monitor&qid=1620942371&s=pc&sr=1-297
Cable Matters Active DisplayPort to HDMI Adapter (Active DP to HDMI Adapter) Supporting Eyefinity Technology and 4K Resolution,$17.99,4.4 out of 5 stars,845,https://www.amazon.pl/Cable-Matters-DisplayPort-Supporting-Technology/dp/B00EDT0072/ref=sr_1_298?dchild=1&keywords=best+seller+ultrawide+monitor&qid=1620942371&s=pc&sr=1-298
"KLIM Protect - New Generation Glasses - Protect Yours Eyes Against Harmful Blue Light from Screens - Anti Eye Fatigue Anti UV - for PC, Smartphone, TV, Tablet Screens",$29.97,4.4 out of 5 stars,"1,840",https://www.amazon.pl/%E2%AD%90%EF%B8%8FKLIM-Protect-Generation-Glasses-Smartphone/dp/B07CCG2QK9/ref=sr_1_299?dchild=1&keywords=best+seller+ultrawide+monitor&qid=1620942371&s=pc&sr=1-299
"DisplayPort to HDMI Adapter, iVANKY Active Unidirectional DP to HDMI Adapter, [Updated New Model] 4K@60Hz, Compatible for HP, ThinkPad, AMD, NVIDIA, Desktop and More - Grey",$15.99,4.4 out of 5 stars,265,https://www.amazon.pl/Displayport-Adapter-Display-Gold-Plated-ThinkPad/dp/B086QQT48Y/ref=sr_1_300?dchild=1&keywords=best+seller+ultrawide+monitor&qid=1620942371&s=pc&sr=1-300
Acer R240HY bidx 23.8-Inch IPS HDMI DVI VGA (1920 x 1080) Monitor & Amazon Basics Mini DisplayPort (Thunderbolt) to HDMI Adapter Bundle,143.71,4.5 out of 5 stars,2,https://www.amazon.pl/Acer-23-8-Inch-AmazonBasics-DisplayPort-Thunderbolt/dp/B01MA36KBU/ref=sr_1_301?dchild=1&keywords=best+seller+ultrawide+monitor&qid=1620942371&s=pc&sr=1-301
"Varifocal Lens USB Webcam Mini Camera 2.8-12mm 8 Megapixel Sony IMX179 USB with Cameras High Definiton 3264X2448 USB2.0 Webcamera,Usb Computer Webcam Support Most OS/UVC Protocol/Most OS/Free Driver",$76.99,3.6 out of 5 stars,9,https://www.amazon.pl/Varifocal-2-8-12mm-Megapixel-Definiton-3264X2448/dp/B07Q23X668/ref=sr_1_303?dchild=1&keywords=best+seller+ultrawide+monitor&qid=1620942371&s=pc&sr=1-303
"Mini DisplayPort to DisplayPort Cable, AllEasy Mini DP to DP Cable 6FT 4K 60Hz Resolution for Microsoft Surface Dock, Surface Pro, Dell, MacBook Pro and Other Brand",$7.99,4.6 out of 5 stars,91,https://www.amazon.pl/DisplayPort-AllEasy-Resolution-Microsoft-Surface/dp/B06XRTB2YW/ref=sr_1_304?dchild=1&keywords=best+seller+ultrawide+monitor&qid=1620942371&s=pc&sr=1-304
