Description,ReviewCount
"Fltom 1 Person Camping Tent, Lightweight Backpacking Tent with Carry Bag, Portable Waterproof Tent for Camping, Hiking",41
"Clostnature Lightweight Backpacking Tent - 3 Season Ultralight Waterproof Camping Tent, Large Size Easy Setup Tent for Family, Outdoor, Hiking and Mountaineering",1.002
"Clostnature 1-Person Tent for Backpacking - Ultralight One Person Backpacking Tent, Hiking Tent for One Man, Solo, Single Person",211
Kelty Late Start Backpacking Tent - 2 Person (2019 Model),337
"Featherstone 2 Person Backpacking Tent Lightweight for 3-Season Outdoor Camping, Hiking, and Biking - Includes Footprint, Waterproof, Packs Light and Compact",920
Night Cat Backpacking Tent for One 1 to 2 Persons Lightweight Waterproof Camping Hiking Tent for Adults Kids Scouts Easy Setup Single Layer 2.2x1.2m,1.026
Night Cat Backpacking Tent for One 1 to 2 Persons Lightweight Waterproof Camping Hiking Tent for Adults Kids Scouts Easy Setup Single Layer 2.2x1.2m,1.026
"Clostnature Lightweight Backpacking Tent - 3 Season Ultralight Waterproof Camping Tent, Large Size Easy Setup Tent for Family, Outdoor, Hiking and Mountaineering",1.002
Naturehike Cloud-Up 3 Person Lightweight Backpacking Tent with Footprint - Free Standing Dome Camping Hiking Waterproof Backpack Tents,272
TRIWONDER Camping Tent 1 2 3 Person 3 4 Season Dome Tent for Backpacking Camping Hiking Fishing Outdoor Waterproof Lightweight Tent,503
"Naturehike Vik 1/2 Person Ultralight Backpacking Tent - 4 Season Lightweight Waterproof Camping Tent for Outdoor Camping, Hiking, Mountaineering, 2.6lbs with Foot Print",8
Coleman Sundome Tent,30.045
"2 Person Tent – Rain Fly & Carrying Bag – Lightweight Dome Tents for Kids or Adults – Camping, Backpacking, and Hiking Gear by Wakeman Outdoors",5.543
"INOVO 2-4 Person Camping Tent, Lightweight Backpacking Tent and Professional Waterproof,Windproof Suitable for Outdoor,Hiking,Traveling and Mountaineering",1
"GEERTOP Backpacking Tent for 2 Person 4 Season Camping Tent Double Layer Waterproof for Outdoor Hunting, Hiking, Climbing, Travel - Easy Set Up",710
camppal 1 3 4 Person Tent for Camping Hiking Mountain Hunting Backpacking Tents 4 Season Resistance to Windproof Rainproof and Waterproof,253
MOON LENCE Camping Tent 1 and 2 Person Backpacking Tent Double Layer Portable Outdoor Lightweight Tent Waterproof Wind Proof Anti-UV for Hiking Fishing Easy Setup,541
OneTigris COSMITTO 2 Person Backpacking Tent - Free Standing Lightweight Waterproof 3 Season Camping Tent for Outdoor Hiking Mountaineering,16
"2 Person Tents for Camping, Two Person Tent Waterproof, 2-Person Backpacking Tent for 3-Season Outdoor Camping, Hiking and Biking, Easy up Camping Tents Lightweight Blue",8
"Clostnature Lightweight Backpacking Tent - 3 Season Ultralight Waterproof Camping Tent, Large Size Easy Setup Tent for Family, Outdoor, Hiking and Mountaineering",1.002
"CAMEL CROWN 2/3/4/5 Person Camping Dome Tent, Waterproof,Spacious, Lightweight Portable Backpacking Tent for Outdoor Camping/Hiking",89
"Hitorhike Camping Tent 2 Person Tent Ultralight Easy Set Up and Carry Family Tent Backpacking Tent for Camping, Hiking, Outdoor Festivals, Car Trip",410
"Gonex Camping Tent, 4 Person Pop Up Instant Tent for Family, Waterproof Easy Set Up Lightweight Dome Tent with Rainfly, 4 Season for Backpacking Hiking Mountaineering and Outdoor",4
Hyke & Byke Yosemite 1 and 2 Person Backpacking Tents with Footprint - Lightweight Two Door Ultralight Dome Camping Tent,675
"Fltom 1 Person Camping Tent, Lightweight Backpacking Tent with Carry Bag, Portable Waterproof Tent for Camping, Hiking",41
"Forceatt Tent for 2 and 3 Person is Waterproof and Windproof, Camping Tent for 3 to 4 Seasons,Lightweight Aluminum Pole Backpacking Tent Can be Set Up Quickly,Great for Hiking,Camping and Backpacking.",689
3-4 Season 2 3 Person Lightweight Backpacking Tent Windproof Camping Tent Awning Family Tent Two Doors Double Layer with Aluminum rods for Outdoor Camping Family Beach Hunting Hiking Travel,639
GEERTOP 2 Person Tent for Camping Waterproof Lightweight Dome Tent for Backpacking Hiking Outdoor Camp Travel Gear - Double Layer & Easy Set Up,34
camppal 1 3 4 Person Tent for Camping Hiking Mountain Hunting Backpacking Tents 4 Season Resistance to Windproof Rainproof and Waterproof,253
Night Cat Camping Hammock Tent with Mosquito Net and Rain Fly for 1 2 Persons Backpacking Bed with Tree Strap Lightweight Waterproof Hiking Backyard Outdoor,9
"MIER Ultralight Tent 3-Season Backpacking Tent for 1-Person or 2-Person Camping, Trekking, Kayaking, Climbing, Hiking, (exclude Trekking Pole)",407
"Kelty Salida Camping and Backpacking Tent, 2 Person",741
"BFULL Camping Tent for 2 to 3 Persons,Instant Pop Up Tent Dome Waterproof Sun Shelters with Removable Rain Fly,Quick Setup for Family Camping Backpacking Hiking Outdoor",80
"WhiteHills One Man Tent Lightweight 1 Person Backpacking Tent Waterproof Outdoor Camping Tent with Removable Flysheet, Easy Setup 3 Season Hiking Tent for Camping, Mountaineering, Fishing, Yellow",2
"3-5 Person Pop up Tent, Family Portable Instant Cabana Beach Tent 94.5X59 inch Waterproof Sun UV Protection Shelter Outdoor Camping Backpacking Large Tents with Mesh Windows",
"Naturehike Backpacking Camping Tent 1 Person Ultralight Waterproof Anti-UV Double Layer Portable for Outdoor Hiking Cycling Bikepacking, 3 Season, Easy Setup, Large Size with Footprint",72
"Bessport 2 Person Tent for Camping, Easy Setup Backpacking Tent Lightweight with Two Doors, Waterproof & Windproof Hiking Tent for 3-4 Seasons, Outdoor, Mountaineering and Travel",796
Wind Tour Professional 2-3 Person Weatherproof Double Layer Aluminum Windproof Backpacking Camping Tent for Outdoor Mountaineering Hunting Hiking Adventure Travel,28
ALPS Mountaineering Camp Creek 6- Person Tent,189
Naturehike Cloud Up Free Standing 2 Person Backpacking Tent Ultralight Doulbe Layer Camping Tents for Two Person,76
"Esup Camping Tent, 4-5 Person Outdoor Lightweight Instant Automatic pop up Backpacking Beach Tents for Outdoor Hunting, Hiking, Climbing, Travel",1
MC Camping Tent 3 Person Waterproof Lightweight Tent Compact Double Layer Free-Standing Outdoor Camping Hiking Backpacking 3 Season,2
"2 Person Tents for Camping, Two Person Tent Waterproof, 2-Person Backpacking Tent for 3-Season Outdoor Camping, Hiking and Biking, Easy up Camping Tents Lightweight Blue",8
Naturehike Cloud-Up 2 Person Lightweight Backpacking Tent with Footprint - Free Standing Dome Camping Hiking Waterproof Backpack Tents,890
"Fltom 2 Person Camping Tent, Ultralight Backpacking Tent for 4-Season, Easy Setup Double Layer Outdoor Tent for Hiking Mountaineering Backpack Travel",55
"Clostnature Lightweight 2-Person Backpacking Tent - 4 Season Ultralight Waterproof Camping Tent, Large Size Easy Setup Tent for Winter, Cold Weather, Family, Outdoor, Hiking and Mountaineering",35
"Pacific Pass Camping Tent 4 Person Family Dome Tent with Removable Rain Fly, Easy Set Up for Camp Backpacking Hiking Outdoor, Orange",528
Naturehike Cloud Up Double Layer 3 Person Tent Lightweight Camping Hiking Backpacking Tent,87
"Featherstone 2 Person Backpacking Tent Lightweight for 3-Season Outdoor Camping, Hiking, and Biking - Includes Footprint, Waterproof, Packs Light and Compact",920
"Hewolf Backpacking Tent Lightweight Tent for 2 Person,Tent Waterproof Double Layer Tent for Hiking Camping Fishing Garden Beach",90
Klymit Maxfield Tent Lightweight 2 Person Backpacking Tent,27
"4 Season Backpacking Tent for 1-2 Person, AYAMAYA Winter Cold Weather Ultralight Double Layer Waterproof 2 Doors & 2 Top Vent Easy Setup 2 Man Camping Tents for Backpacker Hiking Fishing Bikepacking",27
"CAMEL CROWN 2/3/4/5 Person Camping Dome Tent, Waterproof,Spacious, Lightweight Portable Backpacking Tent for Outdoor Camping/Hiking",89
Marmot Crane Creek Backpacking and Camping Tent,513
Wind Tour Professional 2-3 Person Weatherproof Double Layer Aluminum Windproof Backpacking Camping Tent for Outdoor Mountaineering Hunting Hiking Adventure Travel,28
"WhiteHills 2 Person Backpacking Tent Lightweight Outdoor Tent with Removable Rain Fly, Easy Setup Durable Camping Tent, Waterproof and Windproof Hiking Shelter,Double Layer,Green/White",33
"CAMEL CROWN 2/3/4/5 Person Camping Dome Tent, Waterproof,Spacious, Lightweight Portable Backpacking Tent for Outdoor Camping/Hiking",89
"Friendriver Camping Inflatable Sleeping Mat, Camping Mat Suitable for Backpacking, Hiking, Tents, Ultra-Light Waterproof Camping Mattress with Storage Bag,Fast Inflation, Light Weight(Black)",4
"Pandaman 2 Person 4 Season Ultralight 20D Nylon caoted Silicone Waterproof 4000mm Wind Proof Camping Tent for Backpacking, Hiking, Mountaineering",1
"Bessport Camping Tent 2 Person Backpacking Tent Waterproof Lightweight Easy Setup Tent with Two Doors for Outdoor, Hiking Mountaineering Travel",26
"Pandaman 2 Person 4 Season Ultralight 20D Nylon caoted Silicone Waterproof 4000mm Wind Proof Camping Tent for Backpacking, Hiking, Mountaineering",1
"Bessport Camping Tent 2 Person Backpacking Tent Waterproof Lightweight Easy Setup Tent with Two Doors for Outdoor, Hiking Mountaineering Travel",30
"Bessport Camping Tent for 1&10 Person Waterproof & Windproof Cabin Tent, 3-4 Seasons Easy Setup Tent for Outdoor Camping Tent, for Outdoor, Courtyard, Park",18
ALPS Mountaineering Lynx 2-Person Tent,680
"Ultralight 3 lb 5 oz Backpacking 2 Person Tent - Freestanding 2 Doors with Rainfly, Waterproof Seam Sealed, Easy Setup Camping Tent",9
Kelty Backpacking-Tents Dirt Motel,91
"BaiYouDa Backpacking Tent,2 Person Ultralight Tent,4 Season Waterproof Tent,Anti-Lower Temperature,Footprint High",82
"MIS MOUNTAIN INN SPORTS 1 Person Plus 2 Person Camping Tent,Portable Backpacking Tent with Footprint,Double Layer Waterproof Outdoor Tent,Lightweight Dome Tent for Camping Hiking Mountaineering Bicycle Camping Motorcycle Camping",219
"CAMEL CROWN 2/3/4/5 Person Camping Dome Tent, Waterproof,Spacious, Lightweight Portable Backpacking Tent for Outdoor Camping/Hiking",89
"Naturehike Cloud-Up 1 2 3 Person Lightweight Backpacking Waterproof Tent Easy Setup - 4 Season for Outdoor Camping,Backpacking,Hiking,Mountaineering Travel",100
"FE Active 2 Person Camping Tent - Four Season 1 to 2 Man Tent 210T Rip-Stop, 3000mm PU Waterproof Coat, Full Rain Fly, Aluminum Poles, Dry Carry Bag for All Year Camping | Designed in California, USA",60
"HOMFUL Camping Tent 2 Person,Ultralight Backpacking Tent Waterproof Windproof 2 Doors Tent Easy Setup for Hiking,Climbing,Mountaineering",14
"SPITZE FORGE 2/4 Person Dome Camping Tent, Waterproof Windproof Lightweight Family Tents with Rainfly, Easy Setup Backpacking Tent for Outdoor Hiking Mountaineering Trekking Outing with Carry Bag",94
"INOVO Camping Tent 2-3 Person Lightweight Backpacking Waterproof Easy to Install Suitable for Hiking,Travel，Mountaineering，",2
"CAMEL CROWN 2/3/4/5 Person Camping Dome Tent with Automatic Waterproof Pop up Hiking Tents,Lightweight Waterproof Portable Backpacking Tent for Outdoor Camping/Hiking",116
GEERTOP Portable 2 Person 4 Season Tent Waterproof Backpacking Tent Double Layer All Weather for Camping Hiking Travel Climbing Mountaineering - Easy Set Up,178
"ALPS Mountaineering Lynx 4-Person Tent, Clay/Rust",538
"Naturehike Backpacking Camping Tent 1 Person Ultralight Waterproof Anti-UV Double Layer Portable for Outdoor Hiking Cycling Bikepacking, 3 Season, Easy Setup, Large Size with Footprint",72
Naturehike Cloud Up Free Standing 2 Person Backpacking Tent Ultralight Doulbe Layer Camping Tents for Two Person,76
"Friendriver Camping Inflatable Sleeping Mat, Camping Mat Suitable for Backpacking, Hiking, Tents, Ultra-Light Waterproof Camping Mattress with Storage Bag,Fast Inflation, Light Weight(Green)",4
"LED Camping Lantern, CT CAPETRONIX Rechargeable Camping Lights with 400LM 5 Light Modes Water-resistant, 2 Pack Portable Tent Lights for Camping Power Outage Fishing Hiking Emergency Hurricane Home",1.952
"DEERFAMY 3 4 Person Tent, Waterproof Tents for Camping, Ultralight Backpacking Tent with Aluminum Poles and Expandable Storage Bag, Blue Tent/Orange Tent",106
"WhiteHills 2 Person Backpacking Tent Lightweight Outdoor Tent with Removable Rain Fly, Easy Setup Durable Camping Tent, Waterproof and Windproof Hiking Shelter,Double Layer,Green/White",33
"KIKILIVE Ultralight Tent Backpacking Tent for 1-2 Person Camping, Outdoor Camping Tent Shelter,Perfect for Camping, Trekking, Kayaking, Climbing, Hiking",26
"Forceatt Camping Tent 2/3/4 Person, Professional Waterproof & Windproof Lightweight Backpacking Tent Suitable for Outdoor,Hiking,Glamping, Mountaineering and Travel",379
"CAMPPAL Professional 3-4 Person 4 Season Mountain Tent Super Resistance to Wind and Rain, Lightweight Backpacking Tent, Strong Durable Waterproof Outdoor Trekking Hunting Hiking Camping Tent (MT066)",81
Naturehike Mongar 2 Person Backpacking Tent 3 Season Free-Standing Lightweight Hiking Tent for Outdoor Activities,189
"NTK Windy 1 Man Dome Bivy Lightweight Tent, 8 x 5FT Outdoor Dome Backpacking Recon Tent 100% Waterproof 2500mm, Super Compact, Durable Fabric Full Coverage Rainfly - Micro-Mesh Screen.",28
"4 Persons 5lb Lightweight Tipi Hot Tents with Stove Jack, 7'3"" Standing Room, Teepee Tent for Hunting Family Team Backpacking Camping Hiking",16
"CAMEL CROWN 2/3/4/5 Person Camping Dome Tent, Waterproof,Spacious, Lightweight Portable Backpacking Tent for Outdoor Camping/Hiking",89
S.Y. Home&Outdoor Lightweight Backpacking Camping Tent for 2 Person Hiking Waterproof Backpack Tent,9
Naturehike Taga 2 Person Lightweight Backpacking Tent Outdoor Camping Tent,99
MARMOT Crane Creek Ultra Lightweight Backpacking and Camping Tent,125
ALPS Mountaineering Zephyr 2-Person Tent,323
"Tents 6 Person Tents, HSIDS Camping Tent Waterproof Windproof Family Tents, Double Layer, Double Door, 2 Large Mesh Windows with Skylight, Easy Set Up, Portable with Carry Bag for All Seasons",
camppal 3 4 Person Tent for Camping Hiking Mountain Backpacking Tents 4 Season Resistance to Windproof Rainproof and Waterproof (3-4 Person Green),44
"GEERTOP Backpacking Tent for 2 Person 4 Season Camping Tent Double Layer Waterproof for Outdoor Hunting, Hiking, Climbing, Travel - Easy Set Up",710
"2 Person Tents for Camping, Camping Tent with Carry Bag,Lightweight Waterproof Windproof Dome Tents for Kids & Adults, Great for Camping, Backpacking, and Hiking Outdoors (Camouflage)",
Naturehike Cloud Up Free Standing 2 Person Backpacking Tent Ultralight Doulbe Layer Camping Tents for Two Person,76
"INOVO Camping Tent 2-3 Person Lightweight Backpacking Waterproof Easy to Install Suitable for Hiking,Travel，Mountaineering，",2
"CAMEL CROWN 2/3/4/5 Person Camping Dome Tent, Waterproof,Spacious, Lightweight Portable Backpacking Tent for Outdoor Camping/Hiking",89
FLYTOP 1-2 Person Camping Tent 3 4 Season Waterproof One Person Tent Portable Backpacking Tents for Camping Double Layer Dome Tent for Beach Motorcycle Mountaineering Travel Hiking Climbing,57
Night Cat Camping Hammock Tent with Mosquito Net and Rain Fly for 1 2 Persons Backpacking Bed with Tree Strap Lightweight Waterproof Hiking Backyard Outdoor,9
Azarxis 1 2 3 4 Person 3 4 Season Backpacking Tents Easy Set Up Waterproof Lightweight Professional Double Layer Aluminum Rod Tent for Camping Outdoor Hiking Travel,472
"Fltom Ultralight 2 Person Backpacking Tent, Trekking Pole Tent for 4-Season(Not Include The Poles), Easy Setup Outdoor Camping Tent for Hiking Mountaineering Backpack Travel",28
"Bessport Tents for Camping - 2 and 3 Person Backpacking Tent, Easy Setup 3-4 Season Lightweight Tent - Waterproof and Windproof, Two Doors, Large Tent Anti-UV for Family, Outdoor, Hiking",428
"Instant Pop Up Tents Quick,Fast Setup 3-4 Person Adults Tent,1 2 Man 3 4 Season Waterproof Automatic Easy Camping Tents Portable,2 IN 1 Camping Dome Tent Windproof Waterproof,Large for Family Beach Hiking Great Gifts.Convenient Camping Tent,Inner and Out layer Superpose Together",6
Geertop Lightweight 1 Person 4 Season Tent for Backpacking Waterproof Single Person Camping Tent for Outdoor Travel Hiking Mountaineering - Easy to Set,121
"2 Person Backpacking Tent and Camping Tents, AYAMAYA Ultralight Waterproof Double Layer Easy Setup 3 Season 2 Doors Lightweight 2 Man People Backpack Tent for Hiking Fishing Motorcycle Bikepacking",107
"VECUKTY Inflatable Camping Sleeping Pads with Pillow, Camping Air Mat with Pump, Upgraded Ultralight Durable Waterproof Compact Air Mattress Tent Backpacking Traveling Hiking Outdoor Trip",233
ALPS Mountaineering Lightweight Cot,371
"Fltom 2 Person Camping Tent, Ultralight Backpacking Tent for 3 Seasons, Easy Setup Double Layer Outdoor Tent for Hiking Mountaineering Backpack Travel",4
"Bessport Camping Tent 1 Person Tent Waterproof Two Doors Tent Easy Setup Lightweight for Outdoor, Hiking Mountaineering Travel",259
"LHLHO 2 Person Instant Pop Up Lightweight Camping Tent, Outdoor Easy Set Up Automatic Family Travel Tent,Portable Backpacking Ultralight Waterproof Windproof Anti-UV Sun Shelter Tent",22
"FE Active 4 Person Tent - Four Season 3-4 Man with 3000mm Waterproof Rip-Stop, Full Rainfly, Aluminum Poles Adult Tent for All Year Camping, Backpacking, Hiking, Travel | Designed in California, USA",51
Nemo Hornet Ultralight Backpacking Tent,73
"Nassi Equipment Feirr Collection 2-Person Backpacking Tent for Camping with Carry Bag and Repair Kit, Portable Waterproof Family Tent, Aluminum Frame",14
"OneTigris Tangram Ultralight Backpacking Tent with Inner Mesh, Double Layer Waterproof 2 Person Camping Tent, Perfect for Camping, Backpacking, Thru-Hiking and Kayaking or Canoeing",60
Naturehike VIK 1 Person Ultralight 4 Season Backpacking Tents with Footprint - 15D Lightest Portable Tent for Camping Hiking with Carry Bag,120
camppal 1 3 4 Person Tent for Camping Hiking Mountain Hunting Backpacking Tents 4 Season Resistance to Windproof Rainproof and Waterproof,253
Naturehike Cloud Up Free Standing 2 Person Backpacking Tent Ultralight Doulbe Layer Camping Tents for Two Person,76
"CAMEL CROWN 2/3/4/5 Person Camping Dome Tent, Waterproof,Spacious, Lightweight Portable Backpacking Tent for Outdoor Camping/Hiking",89
"Friendriver Camping Inflatable Sleeping Mat, Camping Mat Suitable for Backpacking, Hiking, Tents, Ultra-Light Waterproof Camping Mattress with Storage Bag,Fast Inflation, Light Weight(Navy)",4
Nemo Hornet Ultralight Backpacking Tent,73
"Nassi Equipment Feirr Collection 2-Person Backpacking Tent for Camping with Carry Bag and Repair Kit, Portable Waterproof Family Tent, Aluminum Frame",14
"Family Camping Tent, SPITZE FORGE 4 Person Large Waterproof PU3000mm Outdoor Spacious Tent with Porch Double Layer, Easy Setup 3 Doors Tent Lightweight for Backpacking Hiking Picnic Travel",17
"OneTigris Tangram Ultralight Backpacking Tent with Inner Mesh, Double Layer Waterproof 2 Person Camping Tent, Perfect for Camping, Backpacking, Thru-Hiking and Kayaking or Canoeing",60
Naturehike VIK 1 Person Ultralight 4 Season Backpacking Tents with Footprint - 15D Lightest Portable Tent for Camping Hiking with Carry Bag,120
FLYTOP 1-2 Person Camping Tent 3 4 Season Waterproof One Person Tent Portable Backpacking Tents for Camping Double Layer Dome Tent for Beach Motorcycle Mountaineering Travel Hiking Climbing,57
Naturehike Cloud Up Double Layer 3 Person Tent Lightweight Camping Hiking Backpacking Tent,87
"Esup Camping Tent, 4-5 Person Outdoor Lightweight Instant Automatic pop up Backpacking Beach Tents for Outdoor Hunting, Hiking, Climbing, Travel",1
"CAMPPAL Professional 3-4 Person 4 Season Mountain Tent Super Resistance to Wind and Rain, Lightweight Backpacking Tent, Strong Durable Waterproof Outdoor Trekking Hunting Hiking Camping Tent (MT066)",81
GEERTOP 2 Person Tent for Camping Waterproof Lightweight Dome Tent for Backpacking Hiking Outdoor Camp Travel Gear - Double Layer & Easy Set Up,34
Luxe Tempo Ultralight 1 Person Solo Backpacking Tents,4
Nemo Dagger Ultralight Backpacking Tent,27
Naturehike Cloud Up Free Standing 2 Person Backpacking Tent Ultralight Doulbe Layer Camping Tents for Two Person,76
Pop Up Tent 3-4 Person Instant Backpacking Camping Tent Waterproof Windproof UV Protection for Outdoor Beach Traveling Hiking Camping Hunting Fishing,61
GEERTOP Backpacking 1 Person Tent for Camping Lightweight Trekker Pole Tent 3 Season for Outdoor Survial Travel - Easy to Set Up with The Trekking Poles (Not Include),62
"KingCamp 3 Person Camping Backpacking Tent Portable Durable Waterproof Dome Tent with Roomy Vestibule, Easy Set up Lightweight Sun Shelters for Family Hiking Fishing Picnic Hunting Travel, 3 Seasons",
FLYTOP 1-2 Person Camping Tent 3 4 Season Waterproof One Person Tent Portable Backpacking Tents for Camping Double Layer Dome Tent for Beach Motorcycle Mountaineering Travel Hiking Climbing,57
Naturehike Cloud Up Double Layer 3 Person Tent Lightweight Camping Hiking Backpacking Tent,87
Naturehike Cloud Up Free Standing 2 Person Backpacking Tent Ultralight Doulbe Layer Camping Tents for Two Person,76
"Hewolf Backpacking Tent Lightweight Tent for 2 Person,Tent Waterproof Double Layer Tent for Hiking Camping Fishing Garden Beach",90
Weanas Professional Backpacking Tent 2 3 4 Person 3 Season Weatherproof Double Layer Large Space Aluminum Rod for Outdoor Family Camping Hunting Hiking Adventure Travel,825
Naturehike Cloud up 1 Person Backpacking Tent Lightweight Camping Hiking Dome Tent for 1 Man,14
ALPS Mountaineering Lynx 1-Person Tent,2.748
Naturehike Mongar 2 Person 3 Season Camping Tent Ultralight Backpacking Tent for Hiking Cycling,139
Ubon 2-3 Person Lightweight Backpacking Tent,
"DEERFAMY 3 4 Person Tent, Waterproof Tents for Camping, Ultralight Backpacking Tent with Aluminum Poles and Expandable Storage Bag, Blue Tent/Orange Tent",106
"Sierra Designs Meteor Lite, Freestanding Lightweight Backpacking & Camping Tent with 2 Doors/Vestibules, Stargazer Rain Fly & More",6
"KIKILIVE Ultralight Tent 3-Season Backpacking Tent for 1-Person or 2-Person Camping, New LanShan Outdoor Camping Tent Shelter,Perfect for Camping, Trekking, Kayaking, Climbing, Hiking",36
"ZOMAKE Lightweight Backpacking Tent, 2 Person Tents for Camping Waterproof Tent Easy Setup Great for Outdoor, Hiking, Mountaineering",110
"CAMEL CROWN 2/3/4/5 Person Camping Dome Tent, Waterproof,Spacious, Lightweight Portable Backpacking Tent for Outdoor Camping/Hiking",89
"2 Person Tents for Camping,Lightweight Waterproof Windproof Dome Tents for Kids & Adults, Tents with Carry Bag for Camping, Backpacking, and Hiking Outdoors",
Hyke & Byke Zion 1 and 2 Person Backpacking Tents with Footprint - Lightweight Two Door Ultralight Dome Camping Tent,54
GEERTOP Backpacking-Tents geertop 20d Ultralight 3 Season Backpacking Tent,112
Naturehike Opalus Backpacking Tent 2-4 Person Lightweight Waterproof Camping Tent with Footprint,56
"Wolf Walker Motorcycle Tent for Camping-2-3 Person Waterproof Instant Tents with Integrated Motorcycle Port for Outdoor Hiking, Backpacking, Picnic Fast Pitch",
MOON LENCE Outdoor Camping Tent 3 to 4 Person Tent with Screen Room Double Doors & Double Layer Waterproof Design 2000MM,132
"MountainCattle 2 Person Backpack Camping Tent, Ultralight Backpacking Dome Tent, Green/Yellow",151
"2-4 Person Pop Up Tents for Camping Waterproof, Instant Tent 4 Person for Family Camping, Automatic Tent Easy Setup Lightweight",22
Wind Tour 3-4 Person Lightweight Backpacking Camping Tent Waterproof Double Layer Family Tent for Hiking Fishing Outdoor Travel Picnic,37
"2 Person Camping Backpacking Tent, Outdoor Portable Tent, Lightweight Dome Tent for Park Hiking Mountaineering Bicycle Motorcycle Camping",1
Tentock Ultralight Titanium Tent Stakes 6 Pack V Shape Tarp Nails Hammock Pegs with Reflective Pull Cords for Camping Hiking Backpacking,
"REVALCAMP Two Person Tent - Waterproof & Windproof 4 Season Tents for Camping, Backpacking & Hiking - Durable & Easy to Set-up - Good for 1 or 2 Person Camping Tent",191
Azarxis 1 2 Man Person 3 Season Tent for Camping Backpacking Hiking Easy Set Up Waterproof Lightweight Professional Double Layer Aluminum Rod,125
GEERTOP Backpacking Tent 2 Person Trekking Pole Tent Ultralight Trekker Tent Survival Gear Shelter for Camping Hiking Travel,27
"Eureka! Solitaire AL 1 Person, 3 Season, Camping and Backpacking Tent",55
Wind Tour 3-4 Person Lightweight Backpacking Camping Tent Waterproof Double Layer Family Tent for Hiking Fishing Outdoor Travel Picnic,37
"Azarxis 2 3 Person 3 Season Professional Backpacking Tent, Dome Tents Easy Setup & UPF 50+ UV Protection Sun Shelter & Double Layer & Waterproof for Camping Hiking with Carry Bag",35
KOMCLUB Tent Poles Stainless Steel Replacement Tent Pole Glass Bead Spring Link Poles for Tarp Backpacking Hiking Awning Sun Sails Support,
"2 Person Tents for Camping,Automatic Pop Up Camping Tent,Lightweight Waterproof Windproof Dome Tents for Kids & Adults, Great for Camping, Backpacking, and Hiking Outdoors (Blue)",
WUJIE Camping Tent | 2 Mins Easy Setup Lightweight Backpacking Tent | 2 Person Waterproof Stormproof Tent for Camping Hiking Mountaineering Travel Cycling Kayaking | Two Doors Double Layer | Nylon,5
FBSPORT Accessory for Ultralight Camping Tent Backpacking Tent 1 Person/2 Person Tent,
Naturehike Star River Double Layer Ultralight 2 Person Backpacking Tent Waterproof Camping Hiking Tent for Two Person,154
"Ultralight Mesh Teepee for Smokey Hut Hot Tent, Outdoor Ultralight Camping Tent, 2 Person Backpacking Tent, Mosquito Insect Bug Repellent Net",
ALISALQ Camping Tent 1 2 Person Season Dome Tent for Backpacking Camping Hiking Fishing Outdoor Waterproof Lightweight Tent,
"Easy Set-up Tents,3/4 Person one Hand Set Up Camping Tent,Multifunctional and Detachable for use 4 Venting Design Waterproof Tent, Camping, Backpacking, and Hiking Gear Outdoors Open the tent easily and quickly",1
"YSXHW SXHW Camping Sleeping Pad with Pillow Waterproof Inflatable Sleeping Mat Lightweight Air Mattress with Built-in Pump for Tent, Hiking and Backpacking",123
"Weanas Pop Up Tents for Camping, Instant Automatic 4 Person Family Tent, Easy Quick Setup Beach Tent Sun Shelter - Dome Popup Tents, Water Resistant, Carry Bag Included",
"ECOOPRO Inflatable Camping Sleeping Pad with Built in Pillows, Ultralight Waterproof Sleeping Mat with Inflatable Bag, Compact Portable Camping Mattress Pad for Tent, Backpacking, Traveling & Hiking",
"CAMEL CROWN 2/3/4/5 Person Camping Dome Tent, Waterproof,Spacious, Lightweight Portable Backpacking Tent for Outdoor Camping/Hiking",89
"Camping Tent Backpacking Tent Double Layer Portable Outdoor Lightweight Tent Waterproof Wind Proof Anti-UV for Camping Hiking Travel Climbing - Easy Set Up,",
Kelty Grand Mesa Backpacking Tent (2020 Update),91
"LytHarvest Single Person Personal Bivy Tent, 1 Person Bivvy Bag Tent Lightweight,Breathable Camping and Backpacking Bivi Tent,Emergency Shelter, Waterproof, Orange",1
Camping Tent Pop Up Beach Tent Outdoor Camping Tents and Shelters Easy Setup Durable Waterproof Backpacking Tent for Family Travel Hiking,1
ALPS Mountaineering Zephyr 3-Person Tent,177
"INOVO 2-4 Person Camping Tent, Lightweight Backpacking Tent and Professional Waterproof,Windproof Suitable for Outdoor,Hiking,Traveling and Mountaineering",1
GIGATENT TEKMAN 1 7 X 3.5 1 PERSON 3 SEASON DOME BACKPACKING TENT SUPER COMPACT SUPER LIGHT OVER-SIZED FLY VESTIBULE,8
Naturehike Cloud-Up 1 Person Lightweight Backpacking Tent with Footprint - Dome Camping Hiking Waterproof Backpack Tents,277
"LHLHO 2 Person Instant Pop Up Lightweight Camping Tent, Outdoor Easy Set Up Automatic Family Travel Tent,Portable Backpacking Ultralight Waterproof Windproof Anti-UV Sun Shelter Tent",22
"Grassman Tarp Poles, Adjustable Aluminum 7.5’/8.2’ Tent Poles, Portable and Lightweight Shelter Poles for Camping, Hiking, Backpacking, Awnings, Car Canopy",8
FLYTOP 3-4 Season 1-2-person Double Layer Backpacking Tent Aluminum Rod Windproof Waterproof for Camping Hiking Travel Climbing - Easy Set Up,479
"3-4 Person Camping Tent, Double Layer Ultralight Backpacking Tent for 4-Season, Easy Setup Outdoor Tent for Hiking Mountaineering Backpack Travel",
"Camping Tent Backpacking Tent Double Layer Outdoor Tent Waterproof Wind Proof Anti-UV for Camping Hiking Travel Climbing - Easy Set Up (3-4 People),",
iCorer Backpacking Tent Waterproof Lightweight 2-3 Person Family Camping Portable Lightweight Easy Setup Hiking Tent,48
"Flantree Camping Tent for 2-4 Person, Family Dome Waterproof Backpacking Tent Easy Setup, Great for Hiking and Mountaineering",17
"MIER 1-2 Person Backpacking Tent Free-Standing Camping Tent with Footprint, Watertight and Easy Setup 3 Season, Orange",10
"2-4 Person Pop Up Tents for Camping Waterproof, Instant Tent 4 Person for Family Camping, Automatic Tent Easy Setup Lightweight",22
"3-5 Person Pop up Tent, Family Portable Instant Cabana Beach Tent 94.5X59 inch Waterproof Sun UV Protection Shelter Outdoor Camping Backpacking Large Tents with Mesh Windows",
JEAOUIA Plastic Family Yard Tent Stakes - 10 Pcs Heavy Duty Pegs for Outdoor Decorations - Durable Strong Lawn Ground Stake for Camping Gardening Backpacking,2
"Tent Stake Hammer and Heavy Duty Tent Pegs, Lightweight Camping Mallet with Forged Steel Tent Stakes, Tent Camping Kit, Great for Hiking, Backpacking, Outdoor (8 Pack)",1
"OT QOMOTOP 4 Person Pop up Tent, 9.5’X7’X50'', 10 Second Setup Tent, Waterproof Tent, 2 Big Doors and 2 Roof Vents, 4 Ventilated Mesh Windows, Instant Tent for Family",974
"DIMAR GARDEN Automatic Instant Pop Up Tent,Waterproof Outdoor Rest for Camping,Traveling, Backpacking, Hiking, with Carrying Bag",22
"Naturehike Lightweight Backpacking Tent 1/2/3/4 Person 3 Season Ultralight Waterproof Anti-UV Camping Tent, Easy Setup, Large Size for Family, Outdoor, Hiking, Beach, Mountaineering",18
Naturehike Cloud-Up 2 Person Lightweight Backpacking Tent with Footprint - 4 Season Free Standing Dome Camping Hiking Waterproof Backpack Tents,22
GEERTOP Portable Lightweight 1 Person Tent Waterproof 3-4 Season Single Backpacking Bivy Tent for Camping Hiking Mountaineering Backpack Travel - Easy to Set Up,223
"Lightweight Camping Tent, Tent Foldable Camping Outdoor Beach Tent Fully Automatic Without Building All Year Round Tent for Backpacking Fishing (Color : Blue, Size : 2 Persons)",
"Wind Tour 2-3 Persons Instant Automatic Camping Tent, Waterproof Sun Shelters Backpacking Tents Quick Set up for Traveling, Hiking, Hunting, Fishing",
Thorfire LED Camping Lantern Lights Hand Crank USB Rechargeable Lanterns Collapsible Mini Flashlight Emergency Torch Night Light Tent Lamp for Camping Hiking Tent Garden Patio - CL01(Orange),2.658
"Lightweight Camping Tent, Tent Automatic Instant Pop 3-4 Persons Family Camping Tent for Backpacking Fishing (Color : Green, Size : One Size) (Color : Lake Blue, Size : One Size)",
"OneTigris Backwoods Bungalow Ultralight Bushcraft Shelter 2.0, Backpacking Tent with Canopy 2 Person Waterproof Ripstop",432
"WhiteHills Trekker Tent 2,Ultralight Backpacking Tent 2 Person,Trekking Pole Tent Military Pup Tent,Baker Style Backwoods Bungalow Survival Bushcraft Shelter with Canopy(exclude Pole)",6
"3OWL Everglades 2-Person Tent Perfect for Backpacking, Hiking, Camping, and Outdoors …",87
"Lightweight Camping Tent, Tent Waterproof UV Beach Sunshade Canopy Outdoor Camping Automatic Pop Up Quick Open Tent for Backpacking Fishing (Color : Blue, Size : 142x72x60cm)",
"Neewer Backpacking Tents Outdoor Sports Tent - Compact Lightweight 2 to 3 person Pop-up Shelter for Camping Hiking Beach Park Mountain Area with Zippered Carrying Bag, 83x59x47 inches (Blue/Gray)",25
"TRIWONDER 2-3 Person Tent for Camping Backpacking Travel, Lightweight Waterproof 3 Season Tent UV Protection with Carry Bag",72
Roamhike Camping Tent 4 Season 3-4 Person Lightweight Backpacking Tent Waterproof Easy to Set Up Suitable for Camping Hiking Travel Climbing,
Featherstone Moondance 25 850 Fill Power Down Top Quilt Mummy Sleeping Bag Alternative for Ultralight Backpacking Camping and Thru-Hiking,103
"Hewolf Backpacking Tent Lightweight Tent for 2 Person,Tent Waterproof Double Layer Tent for Hiking Camping Fishing Garden Beach",90
"Adiding Solar Inflatable Lanterns, Survival Emergency Light Waterproof Outdoor Light with Adjustable Strap Great for Camping Hiking Lantern Tent Clear PVC",83
Rock Cloud Portable Camping Table Aluminum Folding Camp Table Lightweight in a Bag for Outdoor Camping Hiking Backpacking,113
"ATEPA 1/2/3 Person Camping Tent Lightweight Waterproof Windproof Tent with Rainfly, Vestibule, Easy Set Up for Family Outdoor Camp Backpacking Hiking Mountaineering Travel",24
Teton Sports Mountain Ultra Tent; 1 Person Backpacking Dome Tent for Camping; Grey (2005GY),504
ayamaya Pop Up Tents with Vestibule for 4-6 Person - Double Layer Waterproof Easy Setup Family Camping Tent Big Enough for 2-6 People - Ventilated Mesh Windows Dome Tents Outdoor Gifts for Men Women,983
"DESERT & FOX Backpacking Camping Tent, Lightweight 1-3 Person Double Layer Waterproof Portable Travel Tents for Camping, Hiking",202
"Ultralight Tent,Backpacking Tent for 2-Person Camping 3-Season, Outdoor Camping Tent Shelter,Perfect for Trekking, Kayaking, Camping, Climbing, Hiking",1
MARMOT Crane Creek Ultra Lightweight Backpacking and Camping Tent,125
TETON Sports ALTOS Tent; 1-2 Person Backpacking Tent Includes Footprint and Rainfly; Quick and Easy Setup; Ready in an Instant When You Need to Get Outdoors; Clip-On Rainfly Included,25
"Mobihome 6 Person Tent Family Camping Quick Setup, Instant Extended Pop Up Dome Tents Outdoor, with Water-Resistant Rainfly and Mesh Roofs & Door & Windows - 13.5' x 7'",404
"Camping Lights with Remote Control, Outdoor Tent Light Solar Lantern Lights 5 Modes, USB Rechargeable Ultra Bright LED Lamp with Power Bank Output Waterproof Lighting for Tents, Camping or Backpacking",16
U`King Waterproof Camping Tent with Carry Bag Instant Setup One Person Lightweight Camouflage Tents for Camping Outdoor Hiking Backpacking Picnic,164
"KL KLB Sport 2-3 Person Automatic Instant Setup Pop Up Camping Tent, Lightweight Waterproof Sun Shelter Tent for Beach, Hiking, Fishing",1
Ubon 2-3 Person Pop up Tent Instant Tent Lightweight Backpacking Tent Camping,734
S.Y. Home&Outdoor Lightweight Camping Pop Up Tent for 2 Person Camping Hydraulic Tent Hiking Waterproof Backpack Tent,6
Teton Sports Mountain Ultra Tent; 1 Person Backpacking Dome Tent for Camping; Grey (2005GY),507
1 Person Lightweight Backpacking Tent with Stakes & Guys 3-4 Season Free Standing Camping Hiking Waterproof Backpack Tent,30
ALPS Mountaineering Taurus 2-Person Tent,325
KingCamp 3-Persons 2-Seasons Quick-Up 2-IN-1Durable Roomy Outdoor Camping Tent Two Door Awnings with Carry Bag for Camping Beach Garden,22
Naturehike Cloud Up Double Layer 3 Person Tent Lightweight Camping Hiking Backpacking Tent,87
BROTOU 10ft Outdoor Camping Lanyard Hanger Campsite Storage Strap with 10 Hooks and 5ft Extension Belt Hang Your Camping Gear,392
"CAMEL CROWN 2/3/4/5 Person Camping Dome Tent with Automatic Waterproof Pop up Hiking Tents,Lightweight Waterproof Portable Backpacking Tent for Outdoor Camping/Hiking",116
KingCamp 3-Persons 2-Seasons Quick-Up 2-IN-1Durable Roomy Outdoor Camping Tent Two Door Awnings with Carry Bag for Camping Beach Garden,22
"Seven-first Automatic Pop Up Family Camping Tent - Fits 4 People, Heat Dissipation, Water Resistant, UV Protection Sun Shelter for Camping Hiking Mountaineering Beach - Carry Bag Included",8
"GEERTOP 2-3 Person Lightweight Trekking Pole Tent Waterproof Outdoor Tents for Camping, 3 Season Pole Tent Backpacking Hiking Travel - Easy to Set Up",19
"BXHWRUN Hydraulic Instant Tent with Automatic Setup, Backpacking Tent for Camping Hiking, Water-Resistant and Windproof Outdoor Tent,2-3Person …",5
OmniCore Designs Link UL Backpacking Tent (1 and 2 Person),3
"Instant Pop Up Tents Quick,Fast Setup 3-4 Person Adults Tent,1 2 Man 3 4 Season Waterproof Automatic Easy Camping Tents Portable,2 IN 1 Camping Dome Tent Windproof Waterproof,Large for Family Beach Hiking Great Gifts.Convenient Camping Tent,Inner and Out layer Superpose Together",6
"Andake Waterproof Camping Tarp Hiker Camping Tarp Ultralight Tent Footprint Floor Picnic Mat Pocket Footprints Beach for Camping, Picnic, Hiking, Outdoor, Beach, Backpacking (86, 57)",26
"ZJDU Tents for Camping Tent Windproof Winter Ice Fishing Tent Outdoor Pop-up Tent Carry Bag Warm Camouflage Tent for Backpacking Fishing (Color : Camouflage, Size : 200x150x110cm)",
GEERTOP Ultralight Compact Single 1 Person Waterproof Bivy II Tent for Backpacking Camping Military - Fast Easy Setup,101
"Professional 1 Person Single Front Door Canopy 4 Season Mountain Tent, Lightweight Backpacking Tents, Strong Durable Waterproof Outdoor Hunting Hiking Camping Tent (MT067)",3
"Camping Tent for 2 Person, Portable Foldable Lightweight Waterproof Windproof Pop Up Tent, Easy Set Up for Family, Camping, Hiking, Mountaineering, Outdoor",
Phiroop Camping Tent Hydraulic Pop Up Automatic Instant for 2/3/4 Person Family Portable Lightweight Waterproof Essential Gear with Carry Bag & Rain Fly,10
"Tents for camping Tent Ultra-light Double Double-layer Aluminum Pole Anti-storm And Snow Outdoor Camping Professional Four Seasons Snow Tent for Backpacking Fishing (Color : Blue, Size : 3-4 persons)",
"Camping Stool, Folding Samll Chair 11.5 inch / 13.5 inch Portable Camp Stool for Camping Fishing Hiking Gardening and Beach, Camping Seat with Carry Bag",1.148
Horizon Hound Down Camping Blanket - Outdoor Lightweight Packable Down Blanket Compact Water Resistant and Warm for Camping Hiking Travel - 650 Fill Power,1.041
Roamhike Camping Tent 4 Season 3-4 Person Lightweight Backpacking Tent Waterproof Easy to Set Up Suitable for Camping Hiking Travel Climbing,
FLYTOP 1-2 Person Camping Tent 3 4 Season Waterproof One Person Tent Portable Backpacking Tents for Camping Double Layer Dome Tent for Beach Motorcycle Mountaineering Travel Hiking Climbing,57
Coleman Hooligan Backpacking Tent,1.522
"WEAPRIL Winter Camping Tent 2 Person Lightweight Double Layer Backpacking Tent, Waterproof Two Doors Double Layer Easy Setup Tent with Aluminum Rods for Outdoor Hunting, Hiking, Climbing, Travel",13
Kelty Night Owl Backpacking and Camping Tent (2019 - Updated Version of Trail Ridge Tent) - Lightweight Design Plus Oversized Doors with Spacious Interior,82
"TIC-TEC Camping Tent 2-Person Waterproof 3-4 Season Backpacking Tent with Skirt Edge,Dome Party Ultralight Tent for Camping,Lightweight Quick Shelter Large Space,Camping,Hiking",4
"FE Active 2 Person Camping Tent - Four Season 1 to 2 Man Tent 210T Rip-Stop, 3000mm PU Waterproof Coat, Full Rain Fly, Aluminum Poles, Dry Carry Bag for All Year Camping | Designed in California, USA",60
"MoKo Waterproof Family Camping Tent, Portable 3 Person Outdoor Instant Cabin Tent, 4-Season Double Layer Dome Tent Sun Shelter for Hiking, Backpacking, Trekking, Mountaineering, Beach",285
SEMOO Dome Tent Family Camping Tent Water Resistant Lightweight for Backpacking,503
"Forceatt Tent for Camping,2 and 3 Person Lightweight Backpacking Tent,Hiking Tent for 4 Seasons | Double Doors,PU3000-5000 Waterproof,Windproof and Easy to Set Up Camping Tent | 3-4 Color and 2 Size.",274
"Featherstone 2 Person Backpacking Tent Lightweight for 3-Season Outdoor Camping, Hiking, and Biking - Includes Footprint, Waterproof, Packs Light and Compact",920
"HUIMSWARM Tent Stakes, 10 Pcs / 24 Pcs 9 Inch Plastic Beach Tent Pegs Canopy Stakes Stakes, Safety Yellow Camping Stakes Tent Pegs Sand Stakes Ground Stakes Camping, Hiking, Backpacking",52
Ellen Camping Tent Outdoor Travelite Backpacking Family Tent Instant Portable Shelter Easy Set-Up,3
"2-3 Person-Lightweight-Backpacking-Camping-Tent,YangJin 4 Season Ultralight Double Layers Waterproof Camping Tent,Easy Setup Tent for Outdoor Camping,Backpacking,Hunting,Hiking, Mountaineering,Travel",21
"FUNDANGO 3-4 Person Camping Tent, Lightweight Waterproof Family Dome Tents for Outdoor, Backpacking, Hiking, Double Layers, 2 Doors, 2 Vestibules, 2 Side Windows, Removable Rain Fly, Easy to Set Up",49
"Fltom Single Person Camping Tent, One Person Lightweight Bivy Tent with Net Mesh for Hiking Mountaineering Backpacking Travel",12
Eureka! Summer Pass Three-Season Backpacking Tent,18
"ALPHA CAMP 2/3 Person Camping Dome Tent with Carry Bag, Lightweight Waterproof Portable Backpacking Tent for Outdoor Camping/Hiking",1.103
Wind Tour 3-4 Person Lightweight Backpacking Camping Tent Waterproof Double Layer Family Tent for Hiking Fishing Outdoor Travel Picnic,37
Camping Tent Pop Up Beach Tent Outdoor Camping Tents and Shelters Easy Setup Durable Waterproof Backpacking Tent for Family Travel Hiking,1
"SPITZE FORGE 2/4 Person Dome Camping Tent, Waterproof Windproof Lightweight Family Tents with Rainfly, Easy Setup Backpacking Tent for Outdoor Hiking Mountaineering Trekking Outing with Carry Bag",94
OneTigris COSMITTO 2 Person Backpacking Tent - Free Standing Lightweight Waterproof 3 Season Camping Tent for Outdoor Hiking Mountaineering,16
Luxe Tempo Ultralight 2 Person Tent 3.5LB Dome Backpacking Tent Silnylon,15
"Mobihome 3 Person Tents for Camping, Instant Backpacking Quick Tent Easy Set Up, Portable 2 Person Dome Tent for Hiking & Mountain Outdoor, with Rainfly and Ventilated Top Mesh - 7' x 6.3'",240
"Flantree Camping Tent for 2-4 Person, Family Dome Waterproof Backpacking Tent Easy Setup, Great for Hiking and Mountaineering (Orange-Blue,4-Person)",2
"ZJDU Tents for Camping Tent Bedroom Two Living Room Double Tunnel Camping Tent for Backpacking Fishing (Color : Blue, Size : Free Size)",
"2 Person Camping Backpacking Tent, Outdoor Portable Tent, Lightweight Dome Tent for Park Hiking Mountaineering Bicycle Motorcycle Camping",1
camppal 1 Person Tent Backpacking Camping Hiking Mountain Hunting Tent Lightweight and Waterproof for 4 Season Extreme Space Saving Single Bracket,1
"YSXHW Camping Sleeping Pad with Pillow Lightweight Inflatable Camping Mat Waterproof Air Mattress with Built-in Pump for Tent, Hiking and Backpacking",2
"CAMEL CROWN 2/3/4/5 Person Camping Dome Tent with Automatic Waterproof Pop up Hiking Tents,Lightweight Waterproof Portable Backpacking Tent for Outdoor Camping/Hiking",116
"Paria Outdoor Products Zion Lightweight Tent and Footprint - Perfect for Backpacking, Kayaking, Camping and Bikepacking",56
"BUZZYFUZZY Instant Pop Up Tent 1-2/3-4 Person Camping Tent, Instant Set Up, Outdoor Hiking Backpacking Tent Shelter",57
"Jinfusi Anti-uv Waterproof Instant Tent 3-4 Person Camping Tent, Lightweight Outdoor Backpacking Tent Shelter",32
Nemo Hornet Elite Backpacking Tent,1
"RikkiTikki Premium Lightweight Inflatable Sleeping Pad - Compact Camping Mat for Sleeping - Best Air Camping Mattress Pad for Backpacking, Camping, Hiking",189
AILLOVCOL Camping Stool Portable Folding Stool Mini Foldable Stool Fishing Stool for Adults Fishing Hiking Gardening and Beach with Carry Bag(Camouflage),759
"Mezonn Emergency Sleeping Bag Survival Bivy Sack Use as Emergency Blanket Lightweight Survival Gear for Outdoor Hiking Camping Keep Warm After Earthquakes, Hurricanes and Other disasters",1.084
"RaynTek Outdoor 2 Person Backpacking Tent, Lightweight and Compact, 3-Season Camping and Bike Trips, Footprint, Ultralight Mode, Quick Setup, Tub Floor, 2 Layer mesh Tent with Waterproof Rain Fly",3
"ZJDU Tents for Camping Tent Family Outdoor Camping Tent Automatic Opening for Backpacking Fishing (Color : Green, Size : One Size)",
Kelty Wireless - Freestanding Camping Tent - 4 Person,45
FBSPORT Ultralight Camping Tent Backpacking Tent 1 Person/2 Person Tent Accessory,
"ALPS Mountaineering Trail Tipi 2-Person Tent, Gray/Navy",20
SEMOO 3 Person Camping Tents 4-Season Double Layers Lightweight Family Tent Easy Setup for Backpacking Hiking Traveling,724
"ABCCANOPY Tent Stakes Camping Tent Stakes, 10pc-Pack (Orange)",3.035
THREE VIKINGS Premium Camping Hammock with Tree Straps - Single and Double Person - Travel Backpacking Portable Outdoor Gear,85
"Tipi Hot Tent with Mesh and Fire Retardant Stove Jack for Flue Pipes, Lightweight, 1-3 Person Teepee Tents for Family Team Outdoor Backpacking Camping Hiking",59
Alvantor Outdoor Warrior Pro Backpacking Not Waterproof Camping Tent Portable Compact Family Tent Shelter 81”x51”x41”,108
Six Moon Designs Skyscape Scout Green 1 Person Ultralight Tent. Just 38 oz. Affordable Backpacking Tent. Polyurethane Coated 190T Polyester. Trekking Pole Setup. Great First Ultralight.,34
ALPS Mountaineering Tasmanian 2-Person Tent,143
"ZJDU Tents for Camping Tent Automatic Tent 4 Person Instant Camping Tent Backpacking Family Dome Tents for Camping Hiking Ideal for Weekend Trips (Color : Green, Size : 300x300x180cm)",
Roamhike Camping Tent 4 Season 3-4 Person Lightweight Backpacking Tent Waterproof Easy to Set Up Suitable for Camping Hiking Travel Climbing,
"YSXHW Camping Sleeping Pad with Pillow Lightweight Inflatable Camping Mat Waterproof Air Mattress with Built-in Pump for Tent, Hiking and Backpacking",2
"Hewolf Backpacking Tent Lightweight Tent for 2 Person,Tent Waterproof Double Layer Tent for Hiking Camping Fishing Garden Beach",90
"UNP Tents for Camping with 1 Mesh Door & 5 Large Mesh Windows （14' x 14' x78in）- 8 Person Tent Waterproof Windproof Easy Setup (5min), Family Tent with Dividers Awning (2 Room)",173
ALPS Mountaineering Mystique 1.5-Person Tent,144
DESERT WALKER 1.7LB Camping Tent 1 Person Backpacking Tent 4 Seasons 15D Nylon Double-Side Silicone Coating Ultralight Tent Waterproof 3000MM Windproof Lightweight Tipi Tents Camping,8
"Eureka! Alpenlite XT Two-Person, Four-Season Backpacking Tent",36
TX Backpacking Tent Upgraded Cloud Up 2 Ultralight Tent Camping Tents for 2 Person with Free Mat Free Standing Fabric Camping 4 Season Waterproof Tent Anti-Lower Temperature Footprint High,
U`King Camouflage Tents for Camping 3-4 Person Portable Lightweight Dome Tent with Carry Bag for Hiking Picnic Fishing Travel Outdoor Sports Backpacking Family,4
"OneTigris TIPINOVA Backpacking Tent for Camping Hiking Trekking 1-2 Person, 2.6lb Backpacking Teepee Tent, No Pole Included",29
"HUIMSWARM Tent Stakes, 10 Pcs / 24 Pcs 9 Inch Plastic Beach Tent Pegs Canopy Stakes Stakes, Safety Yellow Camping Stakes Tent Pegs Sand Stakes Ground Stakes Camping, Hiking, Backpacking",52
"Grassman Tarp Poles, Adjustable Aluminum 7.5’/8.2’ Tent Poles, Portable and Lightweight Shelter Poles for Camping, Hiking, Backpacking, Awnings, Car Canopy",8
ALISALQ Backpacking Camping Tent 2 Person Lightweight 3 Season Waterproof Hiking Tent Double Crossbars Easy Setup Double Layer for Hunting Outdoor Mountaineering Travel with,
"FE Active 2 Person Camping Tent - 2021 Upgraded Design Summer Pop Up Tent 1 to 2 Person Tent Lightweight, Compact, Screened Entrance, Quick Setup. Outdoors, Backpacking | Designed in California, USA",126
"SFZDJIA Ultralight 4 Season Camping Tents,Windproof Waterproof with Screened-in Porch Tent Great for Camping,Backpacking,Hiking & Outdoor Music Festivals",
Naturehike Backpacking Tent for 1 Person Camping Hiking Lightweight Waterproof one Person Tent with Footprint,154
U`King Camouflage Tents 2 Person Waterproof Tent with Backpacking Carry Bag Instant Setup for Camping Hiking Outdoor Family,25
"Bessport Camping Tent 3 Person Tent Lightweight Waterproof Two Doors Easy Setup Tent for Outdoor, Hiking Mountaineering Travel",29
TETON Sports Quick Tent; Pop-Up Tent; Instant Setup – Less Than 1 Min; Camping and Backpacking Tent; Easy Clip-On Rainfly Included,702
Camping Tent Pop Up Beach Tent Outdoor Camping Tents and Shelters Easy Setup Durable Waterproof Backpacking Tent for Family Travel Hiking,1
"Gonex Camping Tent, 4 Person Pop Up Instant Tent for Family, Waterproof Easy Set Up Lightweight Dome Tent with Rainfly, 4 Season for Backpacking Hiking Mountaineering and Outdoor",4
"Camping Sleeping Pad, MEETPEAK Extra Thickness 3.9 Inch Inflatable Sleeping Mat with Pillow Built-in Pump, Compact Ultralight Waterproof Camping Air Mattress for Backpacking, Hiking, Tent, Traveling",85
"IFORREST Double Sleeping Bag for Adults - 2 Person Cold Weather Camping Bed (3-4 Seasons), Extra-Wide & Warm, King Size XL with 2 Pillows",177
Nemo Aurora 2 Person Backpacking Tent,20
"ZJDU Tents for Camping Tent Indian Tent Outdoor Wind Resistant Type Camping Canopy New Pergola Tower Tent for Backpacking Fishing (Color : Brown, Size : 3-4 Persons)",
"ZJDU Tents for Camping Tent 4 Season Winter Hiking Camping Outdoor Tent 4 Person Tent Triangle Thick Canvas Tent for Backpacking Fishing (Color : Orange, Size : 200X200X175cm)",
"ZJDU Tents for Camping Tent Waterproof Windproof UV Sunshade Canopy Outdoor 1-2 Persons Camping Tent for Backpacking Fishing (Color : Green, Size : 200x140x110cm)",
"ZJDU Tents for Camping Tent Waterproof Sun Shade Canopy Shelter Camping Hiking 5-8 People Outdoor Beach Triangle Tent for Backpacking Fishing (Color : Black, Size : 210x230x160cm)",
"ust highlander 2-person backpacking tent with ultra light design and heavy duty, non-free standing waterproof construction for bikepacking, yakpacking, camping, and hiking, blue/green - One Size",21
U`King Portable Camping Tent 2 Person Instant Family Dome Tents with Backpacking Bag Waterproof Windproof for Outdoor Hiking Beach Climbing Travel,
"Naturehike Star River 2 Person Tent, Lightweight Backpacking 4 Season Tent Two Doors Double Layer Family Tent for Outdoor Camping, Hiking, Mountaineering, Bikepacking, Travel",7
Wind Tour Professional 2-3 Person Weatherproof Double Layer Aluminum Windproof Backpacking Camping Tent for Outdoor Mountaineering Hunting Hiking Adventure Travel,28
THREE VIKINGS Premium Camping Hammock with Tree Straps - Single and Double Person - Travel Backpacking Portable Outdoor Gear,85
"Pacific Pass Camping Tent 6 Person Family Dome Tent with Screen Room & Removable Rain Fly, Easy Set Up for Camp Backpacking Hiking Outdoor, Navy, 120.1120.168.9 inches",325
Luxe Tempo Lightweight 4 Person Tent for Backpacking Family Camping 7.7 lbs with Ridge Pole Gear Loft Rip-Stop Fabric Aluminum Poles,42
Naturehike Cloud-Up 2 Person Lightweight Backpacking Tent with Footprint - 15D 3 Season Free Standing Dome Camping Hiking Waterproof Backpack Tents,2
KAILAS G2Ⅱ4-Season Camping Tents 2-3 Person Backpacking Tent Mountaineering Tent Lightweight Waterproof for Outdoor Climbing,1
"ZEROGRAM El Chalten Pro 2.5 Person Tent, Hiking, Backpacking Lightweight Tent-Sand Moss",
"ZJDU Tents for Camping Tent Folding Tent Outdoor Camping Tent Canvas 16 Farmhouse Grill Tent Tent Rain Thickened for Backpacking Fishing (Color : Beige, Size : 4M)",
"Tongina Ultralight Tent 3-Season Backpacking Tent for 1-Person Camping, Trekking, Kayaking, Climbing, Hiking",
"KingCamp 3 Person Camping Backpacking Tent Portable Durable Waterproof Dome Tent with Roomy Vestibule, Easy Set up Lightweight Sun Shelters for Family Hiking Fishing Picnic Hunting Travel, 3 Seasons",
SEMOO 3 Person Camping Tents 4-Season Double Layers Lightweight Family Tent Easy Setup for Backpacking Hiking Traveling,724
Phiroop Camping Hammock with Mosquito/Bug Net Max Load of 660lbs Hiking Backpacking Survival Outdoor Hammock Tent(Black),9
MOON LENCE Camping Tent 1 and 2 Person Backpacking Tent Double Layer Portable Outdoor Lightweight Tent Waterproof Wind Proof Anti-UV for Hiking Fishing Easy Setup,489
Ubon Double Self-Inflating Sleeping Pad Sleeping Mat with Pillows Sleep Pad,496
"Lightweight Rain Fly Waterproof Tent with Stakes and Carrying Bag, Ripstop Nylon Fabric, for Camping, Backpacking and Outdoor Adventure",18
Wakeman Pop-Up Tent 2 Person Water Resistant,312
"ALISALQ Tent for 2 and 3 Person is Waterproof and Windproof, Camping Tent for 3 to 4 Seasons,Lightweight Aluminum Pole Backpacking Tent Can Be Set Up Quickly,Great for Hikin",
"Deacroy 2 Person Waterproof Camping Tent,3 Season Double Layer Backpacking Tent,Lightweight Two Doors Dome Tent for Outdoor Camping Hiking Mountaineering",1
ALISALQ Backpacking Tent 2 Person Trekking Pole Tent Ultralight Trekker Tent Survival Gear Shelter for Camping Hiking Travel,
Roamhike Camping Tent 4 Season 3-4 Person Lightweight Backpacking Tent Waterproof Easy to Set Up Suitable for Camping Hiking Travel Climbing,
Wind Tour Professional 2-3 Person Weatherproof Double Layer Aluminum Windproof Backpacking Camping Tent for Outdoor Mountaineering Hunting Hiking Adventure Travel,28
"Weanas Backpacking Tent for 2 Person 4 Season Camping Tent with Snow Skirt Double Layer Waterproof Portable Camping Tent for Outdoor Hunting, Hiking, Climbing",28
"TETON Sports Mountain Ultra Tent; 3 Person Backpacking Dome Tent for Camping; Red, Model: 2007RD",504
"Wind Tour 2-3 Persons Instant Automatic Camping Tent, Waterproof Sun Shelters Backpacking Tents Quick Set up for Traveling, Hiking, Hunting, Fishing",
"camppal Professional 1 Person Single Breathable 4 Season Mountain Tent, Lightweight Backpacking Tent, Strong Durable Waterproof Outdoor Trekking Hunting Hiking Camping Tent (MT053)",11
"2 Person Dome Tent- Rain Fly & Carry Bag- Easy Set Up-Great for Camping, Backpacking, Hiking & Outdoor Music Festivals by Wakeman Outdoors (Orange), 2 Person",425
BenefitUSA Portable Hiking Backpacking Tent 1-2 Person Double Layer Outdoor Waterproof Camping Tent,1
Naturehike VIK Tent Ultralight 4 Season Backpacking Tents with Footprint 15D Lightest Portable Tent for Camping Hiking,
"12 Ultra Bright Glow Sticks - Emergency Light Sticks for Camping Accessories, Parties, Hurricane Supplies, Earthquake, Survival Kit and More - Lasts Over 12 Hours (Green)",7.285
"BFULL Camping Tent for 2 to 3 Persons,Instant Pop Up Tent Dome Waterproof Sun Shelters with Removable Rain Fly,Quick Setup for Family Camping Backpacking Hiking Outdoor",80
Eurmax 10PC Pack 12 inch Multiuse Heavy Duty Steel Tent Stakes Tarp Pegs Camping Stakes for Outdoor Camping Canopy and tarp with 4 Ropes 10FT Length,764
"Eurmax Galvanized Non-Rust Outdoor Camping Family Tent Pop Up Canopy Stakes 10pc-Pack, with 4x10ft Ropes & 1 Orange Stopper",6.327
"ZEROGRAM Zero1 Pathfinder MF 1 Person Tent, Hiking, Backpacking Lightweight Tent, Monofila-Orchid",
"Go Time Gear Life Tent Emergency Survival Shelter – 2 Person Emergency Tent – Use As Survival Tent, Emergency Shelter, Tube Tent, Survival Tarp - Includes Survival Whistle & Paracord",5.657
Roamhike Camping Tent 4 Season 3-4 Person Lightweight Backpacking Tent Waterproof Easy to Set Up Suitable for Camping Hiking Travel Climbing,
"DANCHEL OUTDOOR Lightweight Hot Tents for Camping with Stove Jack 2 Person for Backpacking, Waterproof Teepee Tent for Adults",1
camppal 3 4 Person Tent for Camping Hiking Mountain Backpacking Tents 4 Season Resistance to Windproof Rainproof and Waterproof (3-4 Person Green),44
"Hewolf Backpacking Tent Lightweight Tent for 2 Person,Tent Waterproof Double Layer Tent for Hiking Camping Fishing Garden Beach",90